{
    "settings": {
        "max_iters": 10000000.0,
        "max_oracles": 100000.0,
        "ops_weighting": [
            1,
            1,
            4
        ],
        "oracle termination": true,
        "alpha0": 1,
        "LS factor": 0.5,
        "termination tol": 1e-08
    },
    "name": "FISTA",
    "ops": [
        [
            0,
            0,
            0
        ],
        [
            3,
            1,
            0
        ],
        [
            8,
            2,
            0
        ],
        [
            12,
            3,
            0
        ],
        [
            17,
            4,
            0
        ],
        [
            21,
            5,
            0
        ],
        [
            25,
            6,
            0
        ],
        [
            30,
            7,
            0
        ],
        [
            32,
            8,
            0
        ],
        [
            37,
            9,
            0
        ],
        [
            39,
            10,
            0
        ],
        [
            42,
            11,
            0
        ],
        [
            46,
            12,
            0
        ],
        [
            50,
            13,
            0
        ],
        [
            53,
            14,
            0
        ],
        [
            57,
            15,
            0
        ],
        [
            61,
            16,
            0
        ],
        [
            63,
            17,
            0
        ],
        [
            67,
            18,
            0
        ],
        [
            71,
            19,
            0
        ],
        [
            73,
            20,
            0
        ],
        [
            76,
            21,
            0
        ],
        [
            80,
            22,
            0
        ],
        [
            84,
            23,
            0
        ],
        [
            86,
            24,
            0
        ],
        [
            88,
            25,
            0
        ],
        [
            92,
            26,
            0
        ],
        [
            96,
            27,
            0
        ],
        [
            98,
            28,
            0
        ],
        [
            100,
            29,
            0
        ],
        [
            104,
            30,
            0
        ],
        [
            108,
            31,
            0
        ],
        [
            110,
            32,
            0
        ],
        [
            112,
            33,
            0
        ],
        [
            115,
            34,
            0
        ],
        [
            119,
            35,
            0
        ],
        [
            122,
            36,
            0
        ],
        [
            125,
            37,
            0
        ],
        [
            129,
            38,
            0
        ],
        [
            131,
            39,
            0
        ],
        [
            135,
            40,
            0
        ],
        [
            138,
            41,
            0
        ],
        [
            141,
            42,
            0
        ],
        [
            145,
            43,
            0
        ],
        [
            147,
            44,
            0
        ],
        [
            151,
            45,
            0
        ],
        [
            153,
            46,
            0
        ],
        [
            157,
            47,
            0
        ],
        [
            159,
            48,
            0
        ],
        [
            163,
            49,
            0
        ],
        [
            166,
            50,
            0
        ],
        [
            168,
            51,
            0
        ],
        [
            172,
            52,
            0
        ],
        [
            174,
            53,
            0
        ],
        [
            178,
            54,
            0
        ],
        [
            180,
            55,
            0
        ],
        [
            184,
            56,
            0
        ],
        [
            186,
            57,
            0
        ],
        [
            190,
            58,
            0
        ],
        [
            192,
            59,
            0
        ],
        [
            196,
            60,
            0
        ],
        [
            198,
            61,
            0
        ],
        [
            200,
            62,
            0
        ],
        [
            203,
            63,
            0
        ],
        [
            205,
            64,
            0
        ],
        [
            209,
            65,
            0
        ],
        [
            211,
            66,
            0
        ],
        [
            214,
            67,
            0
        ],
        [
            216,
            68,
            0
        ],
        [
            220,
            69,
            0
        ],
        [
            222,
            70,
            0
        ],
        [
            225,
            71,
            0
        ],
        [
            228,
            72,
            0
        ],
        [
            231,
            73,
            0
        ],
        [
            234,
            74,
            0
        ],
        [
            236,
            75,
            0
        ],
        [
            240,
            76,
            0
        ],
        [
            242,
            77,
            0
        ],
        [
            245,
            78,
            0
        ],
        [
            248,
            79,
            0
        ],
        [
            251,
            80,
            0
        ],
        [
            253,
            81,
            0
        ],
        [
            256,
            82,
            0
        ],
        [
            259,
            83,
            0
        ],
        [
            262,
            84,
            0
        ],
        [
            265,
            85,
            0
        ],
        [
            267,
            86,
            0
        ],
        [
            270,
            87,
            0
        ],
        [
            273,
            88,
            0
        ],
        [
            276,
            89,
            0
        ],
        [
            279,
            90,
            0
        ],
        [
            282,
            91,
            0
        ],
        [
            284,
            92,
            0
        ],
        [
            286,
            93,
            0
        ],
        [
            289,
            94,
            0
        ],
        [
            292,
            95,
            0
        ],
        [
            294,
            96,
            0
        ],
        [
            297,
            97,
            0
        ],
        [
            300,
            98,
            0
        ],
        [
            302,
            99,
            0
        ],
        [
            305,
            100,
            0
        ],
        [
            308,
            101,
            0
        ],
        [
            310,
            102,
            0
        ],
        [
            313,
            103,
            0
        ],
        [
            315,
            104,
            0
        ],
        [
            318,
            105,
            0
        ],
        [
            321,
            106,
            0
        ],
        [
            323,
            107,
            0
        ],
        [
            326,
            108,
            0
        ],
        [
            328,
            109,
            0
        ],
        [
            331,
            110,
            0
        ],
        [
            334,
            111,
            0
        ],
        [
            336,
            112,
            0
        ],
        [
            338,
            113,
            0
        ],
        [
            340,
            114,
            0
        ],
        [
            344,
            115,
            0
        ],
        [
            347,
            116,
            0
        ],
        [
            350,
            117,
            0
        ],
        [
            352,
            118,
            0
        ],
        [
            355,
            119,
            0
        ],
        [
            357,
            120,
            0
        ],
        [
            360,
            121,
            0
        ],
        [
            362,
            122,
            0
        ],
        [
            365,
            123,
            0
        ],
        [
            367,
            124,
            0
        ],
        [
            370,
            125,
            0
        ],
        [
            373,
            126,
            0
        ],
        [
            375,
            127,
            0
        ],
        [
            378,
            128,
            0
        ],
        [
            380,
            129,
            0
        ],
        [
            383,
            130,
            0
        ],
        [
            385,
            131,
            0
        ],
        [
            387,
            132,
            0
        ],
        [
            390,
            133,
            0
        ],
        [
            392,
            134,
            0
        ],
        [
            394,
            135,
            0
        ],
        [
            396,
            136,
            0
        ],
        [
            398,
            137,
            0
        ],
        [
            401,
            138,
            0
        ],
        [
            403,
            139,
            0
        ],
        [
            405,
            140,
            0
        ],
        [
            407,
            141,
            0
        ],
        [
            410,
            142,
            0
        ],
        [
            414,
            143,
            0
        ],
        [
            417,
            144,
            0
        ],
        [
            420,
            145,
            0
        ],
        [
            422,
            146,
            0
        ],
        [
            424,
            147,
            0
        ],
        [
            426,
            148,
            0
        ],
        [
            429,
            149,
            0
        ],
        [
            431,
            150,
            0
        ],
        [
            434,
            151,
            0
        ],
        [
            436,
            152,
            0
        ],
        [
            438,
            153,
            0
        ],
        [
            441,
            154,
            0
        ],
        [
            443,
            155,
            0
        ],
        [
            446,
            156,
            0
        ],
        [
            449,
            157,
            0
        ],
        [
            451,
            158,
            0
        ],
        [
            453,
            159,
            0
        ],
        [
            455,
            160,
            0
        ],
        [
            458,
            161,
            0
        ],
        [
            460,
            162,
            0
        ],
        [
            462,
            163,
            0
        ],
        [
            465,
            164,
            0
        ],
        [
            467,
            165,
            0
        ],
        [
            470,
            166,
            0
        ],
        [
            472,
            167,
            0
        ],
        [
            474,
            168,
            0
        ],
        [
            477,
            169,
            0
        ],
        [
            479,
            170,
            0
        ],
        [
            481,
            171,
            0
        ],
        [
            483,
            172,
            0
        ],
        [
            486,
            173,
            0
        ],
        [
            488,
            174,
            0
        ],
        [
            490,
            175,
            0
        ],
        [
            493,
            176,
            0
        ],
        [
            495,
            177,
            0
        ],
        [
            497,
            178,
            0
        ],
        [
            500,
            179,
            0
        ],
        [
            502,
            180,
            0
        ],
        [
            504,
            181,
            0
        ],
        [
            506,
            182,
            0
        ],
        [
            509,
            183,
            0
        ],
        [
            511,
            184,
            0
        ],
        [
            513,
            185,
            0
        ],
        [
            515,
            186,
            0
        ],
        [
            518,
            187,
            0
        ],
        [
            520,
            188,
            0
        ],
        [
            522,
            189,
            0
        ],
        [
            524,
            190,
            0
        ],
        [
            527,
            191,
            0
        ],
        [
            529,
            192,
            0
        ],
        [
            531,
            193,
            0
        ],
        [
            533,
            194,
            0
        ],
        [
            536,
            195,
            0
        ],
        [
            538,
            196,
            0
        ],
        [
            540,
            197,
            0
        ],
        [
            542,
            198,
            0
        ],
        [
            545,
            199,
            0
        ],
        [
            547,
            200,
            0
        ],
        [
            549,
            201,
            0
        ],
        [
            552,
            202,
            0
        ],
        [
            554,
            203,
            0
        ],
        [
            556,
            204,
            0
        ],
        [
            559,
            205,
            0
        ],
        [
            561,
            206,
            0
        ],
        [
            563,
            207,
            0
        ],
        [
            565,
            208,
            0
        ],
        [
            567,
            209,
            0
        ],
        [
            570,
            210,
            0
        ],
        [
            572,
            211,
            0
        ],
        [
            574,
            212,
            0
        ],
        [
            576,
            213,
            0
        ],
        [
            579,
            214,
            0
        ],
        [
            581,
            215,
            0
        ],
        [
            583,
            216,
            0
        ],
        [
            585,
            217,
            0
        ],
        [
            588,
            218,
            0
        ],
        [
            590,
            219,
            0
        ],
        [
            592,
            220,
            0
        ],
        [
            594,
            221,
            0
        ],
        [
            597,
            222,
            0
        ],
        [
            599,
            223,
            0
        ],
        [
            601,
            224,
            0
        ],
        [
            603,
            225,
            0
        ],
        [
            606,
            226,
            0
        ],
        [
            608,
            227,
            0
        ],
        [
            610,
            228,
            0
        ],
        [
            612,
            229,
            0
        ],
        [
            615,
            230,
            0
        ],
        [
            617,
            231,
            0
        ],
        [
            619,
            232,
            0
        ],
        [
            621,
            233,
            0
        ],
        [
            624,
            234,
            0
        ],
        [
            626,
            235,
            0
        ],
        [
            628,
            236,
            0
        ],
        [
            630,
            237,
            0
        ],
        [
            633,
            238,
            0
        ],
        [
            635,
            239,
            0
        ],
        [
            637,
            240,
            0
        ],
        [
            639,
            241,
            0
        ],
        [
            642,
            242,
            0
        ],
        [
            644,
            243,
            0
        ],
        [
            646,
            244,
            0
        ],
        [
            649,
            245,
            0
        ],
        [
            651,
            246,
            0
        ],
        [
            653,
            247,
            0
        ],
        [
            655,
            248,
            0
        ],
        [
            658,
            249,
            0
        ],
        [
            660,
            250,
            0
        ],
        [
            662,
            251,
            0
        ],
        [
            664,
            252,
            0
        ],
        [
            667,
            253,
            0
        ],
        [
            669,
            254,
            0
        ],
        [
            671,
            255,
            0
        ],
        [
            674,
            256,
            0
        ],
        [
            676,
            257,
            0
        ],
        [
            678,
            258,
            0
        ],
        [
            680,
            259,
            0
        ],
        [
            682,
            260,
            0
        ],
        [
            685,
            261,
            0
        ],
        [
            687,
            262,
            0
        ],
        [
            689,
            263,
            0
        ],
        [
            692,
            264,
            0
        ],
        [
            694,
            265,
            0
        ],
        [
            696,
            266,
            0
        ],
        [
            698,
            267,
            0
        ],
        [
            701,
            268,
            0
        ],
        [
            703,
            269,
            0
        ],
        [
            705,
            270,
            0
        ],
        [
            707,
            271,
            0
        ],
        [
            709,
            272,
            0
        ],
        [
            712,
            273,
            0
        ],
        [
            714,
            274,
            0
        ],
        [
            716,
            275,
            0
        ],
        [
            719,
            276,
            0
        ],
        [
            721,
            277,
            0
        ],
        [
            723,
            278,
            0
        ],
        [
            725,
            279,
            0
        ],
        [
            728,
            280,
            0
        ],
        [
            730,
            281,
            0
        ],
        [
            732,
            282,
            0
        ],
        [
            735,
            283,
            0
        ],
        [
            737,
            284,
            0
        ],
        [
            739,
            285,
            0
        ],
        [
            741,
            286,
            0
        ],
        [
            744,
            287,
            0
        ],
        [
            746,
            288,
            0
        ],
        [
            748,
            289,
            0
        ],
        [
            750,
            290,
            0
        ],
        [
            753,
            291,
            0
        ],
        [
            755,
            292,
            0
        ],
        [
            757,
            293,
            0
        ],
        [
            759,
            294,
            0
        ],
        [
            761,
            295,
            0
        ],
        [
            764,
            296,
            0
        ],
        [
            766,
            297,
            0
        ],
        [
            768,
            298,
            0
        ],
        [
            770,
            299,
            0
        ],
        [
            773,
            300,
            0
        ],
        [
            775,
            301,
            0
        ],
        [
            777,
            302,
            0
        ],
        [
            779,
            303,
            0
        ],
        [
            782,
            304,
            0
        ],
        [
            784,
            305,
            0
        ],
        [
            786,
            306,
            0
        ],
        [
            788,
            307,
            0
        ],
        [
            790,
            308,
            0
        ],
        [
            793,
            309,
            0
        ],
        [
            795,
            310,
            0
        ],
        [
            797,
            311,
            0
        ],
        [
            799,
            312,
            0
        ],
        [
            802,
            313,
            0
        ],
        [
            804,
            314,
            0
        ],
        [
            806,
            315,
            0
        ],
        [
            809,
            316,
            0
        ],
        [
            811,
            317,
            0
        ],
        [
            813,
            318,
            0
        ],
        [
            815,
            319,
            0
        ],
        [
            817,
            320,
            0
        ],
        [
            820,
            321,
            0
        ]
    ],
    "t": [
        2.6226043701171875e-06,
        0.007459402084350586,
        0.016974925994873047,
        0.025330781936645508,
        0.03504443168640137,
        0.04355359077453613,
        0.0520782470703125,
        0.06192922592163086,
        0.06782412528991699,
        0.07766342163085938,
        0.08362007141113281,
        0.0908815860748291,
        0.09941339492797852,
        0.10796570777893066,
        0.11516594886779785,
        0.12368202209472656,
        0.13221073150634766,
        0.13811302185058594,
        0.14662861824035645,
        0.15507054328918457,
        0.16090631484985352,
        0.16803312301635742,
        0.1764366626739502,
        0.18486261367797852,
        0.1907641887664795,
        0.19662117958068848,
        0.20505046844482422,
        0.2134392261505127,
        0.21931219100952148,
        0.22515153884887695,
        0.23357033729553223,
        0.24199700355529785,
        0.24782514572143555,
        0.2536940574645996,
        0.26083993911743164,
        0.26926755905151367,
        0.27640652656555176,
        0.28354644775390625,
        0.2919926643371582,
        0.29787111282348633,
        0.30627965927124023,
        0.31340885162353516,
        0.3205540180206299,
        0.32897114753723145,
        0.3348069190979004,
        0.34322643280029297,
        0.34906816482543945,
        0.35746240615844727,
        0.36328792572021484,
        0.3716895580291748,
        0.37882018089294434,
        0.3846585750579834,
        0.39309263229370117,
        0.39893531799316406,
        0.40734291076660156,
        0.41318392753601074,
        0.4215977191925049,
        0.42745113372802734,
        0.4358670711517334,
        0.44172120094299316,
        0.45012474060058594,
        0.4559755325317383,
        0.4618191719055176,
        0.4689486026763916,
        0.4747920036315918,
        0.48320817947387695,
        0.489072322845459,
        0.4961812496185303,
        0.5020372867584229,
        0.5104334354400635,
        0.5179288387298584,
        0.5250344276428223,
        0.5321536064147949,
        0.5394482612609863,
        0.5465986728668213,
        0.552448034286499,
        0.5608737468719482,
        0.5667178630828857,
        0.5738568305969238,
        0.5810198783874512,
        0.5881285667419434,
        0.5940120220184326,
        0.6011579036712646,
        0.6082725524902344,
        0.6154212951660156,
        0.6225812435150146,
        0.628371000289917,
        0.6354269981384277,
        0.6425142288208008,
        0.6495115756988525,
        0.6564986705780029,
        0.6635017395019531,
        0.6692912578582764,
        0.675025463104248,
        0.6820175647735596,
        0.6890780925750732,
        0.6948697566986084,
        0.7018947601318359,
        0.7088756561279297,
        0.7146134376525879,
        0.7216155529022217,
        0.7286107540130615,
        0.7343933582305908,
        0.7415158748626709,
        0.7473418712615967,
        0.75435471534729,
        0.7614305019378662,
        0.767179012298584,
        0.7742352485656738,
        0.7800583839416504,
        0.7871806621551514,
        0.7942728996276855,
        0.8000800609588623,
        0.8058912754058838,
        0.8117220401763916,
        0.8201138973236084,
        0.827216625213623,
        0.834345817565918,
        0.840085506439209,
        0.8470659255981445,
        0.8527865409851074,
        0.8597912788391113,
        0.8655681610107422,
        0.8726129531860352,
        0.8783597946166992,
        0.8853278160095215,
        0.8923935890197754,
        0.8982081413269043,
        0.9051766395568848,
        0.9109106063842773,
        0.9178941249847412,
        0.9236435890197754,
        0.9293718338012695,
        0.9363582134246826,
        0.9421255588531494,
        0.9478566646575928,
        0.953636884689331,
        0.9593653678894043,
        0.9663896560668945,
        0.9721095561981201,
        0.9778435230255127,
        0.9835913181304932,
        0.9905877113342285,
        0.9988315105438232,
        1.0058929920196533,
        1.0130515098571777,
        1.0188002586364746,
        1.024529218673706,
        1.0303289890289307,
        1.0374560356140137,
        1.0433685779571533,
        1.0505695343017578,
        1.0564744472503662,
        1.062398910522461,
        1.0696172714233398,
        1.0755689144134521,
        1.0828053951263428,
        1.0899367332458496,
        1.0958027839660645,
        1.1015944480895996,
        1.1073665618896484,
        1.1143405437469482,
        1.1200685501098633,
        1.125784158706665,
        1.1328206062316895,
        1.1385884284973145,
        1.145580530166626,
        1.1513094902038574,
        1.1570446491241455,
        1.164029836654663,
        1.1698012351989746,
        1.1755468845367432,
        1.1812729835510254,
        1.1882598400115967,
        1.194028377532959,
        1.1998412609100342,
        1.206838607788086,
        1.2125608921051025,
        1.218285322189331,
        1.2253360748291016,
        1.2311294078826904,
        1.2369036674499512,
        1.2426600456237793,
        1.2496914863586426,
        1.2554655075073242,
        1.2612597942352295,
        1.2670934200286865,
        1.2742023468017578,
        1.2799994945526123,
        1.2858145236968994,
        1.2916326522827148,
        1.298731803894043,
        1.3045685291290283,
        1.310426950454712,
        1.3161652088165283,
        1.3232760429382324,
        1.3290574550628662,
        1.3348419666290283,
        1.3406708240509033,
        1.3478186130523682,
        1.353651762008667,
        1.3594658374786377,
        1.3666026592254639,
        1.372406005859375,
        1.3781940937042236,
        1.3852853775024414,
        1.3910510540008545,
        1.3968698978424072,
        1.4027481079101562,
        1.4086191654205322,
        1.4157567024230957,
        1.4215943813323975,
        1.427445650100708,
        1.4332635402679443,
        1.4403705596923828,
        1.4462254047393799,
        1.4520127773284912,
        1.4578065872192383,
        1.464935064315796,
        1.4708077907562256,
        1.4766428470611572,
        1.482473373413086,
        1.4896049499511719,
        1.4954278469085693,
        1.501277208328247,
        1.507124423980713,
        1.5141253471374512,
        1.5198636054992676,
        1.5256049633026123,
        1.5313301086425781,
        1.5383052825927734,
        1.5440759658813477,
        1.549818515777588,
        1.5556697845458984,
        1.562788724899292,
        1.5685901641845703,
        1.5743374824523926,
        1.5800678730010986,
        1.5870411396026611,
        1.5930426120758057,
        1.598945140838623,
        1.604811668395996,
        1.611964464187622,
        1.617809534072876,
        1.6236250400543213,
        1.6307437419891357,
        1.6365952491760254,
        1.6424522399902344,
        1.6483097076416016,
        1.6554622650146484,
        1.6613178253173828,
        1.6671373844146729,
        1.6729578971862793,
        1.6801493167877197,
        1.6860411167144775,
        1.6919476985931396,
        1.6991567611694336,
        1.7050609588623047,
        1.710944414138794,
        1.7168550491333008,
        1.7227802276611328,
        1.7299575805664062,
        1.7357962131500244,
        1.7416980266571045,
        1.748946189880371,
        1.754823923110962,
        1.7606596946716309,
        1.7665205001831055,
        1.77366304397583,
        1.7795238494873047,
        1.7854177951812744,
        1.7913265228271484,
        1.7972512245178223,
        1.8044748306274414,
        1.810377597808838,
        1.8162784576416016,
        1.8234996795654297,
        1.829413890838623,
        1.8353338241577148,
        1.841230869293213,
        1.848437786102295,
        1.8543527126312256,
        1.860259771347046,
        1.8674650192260742,
        1.8733842372894287,
        1.8792328834533691,
        1.8850736618041992,
        1.892155408859253,
        1.8979787826538086,
        1.903738260269165,
        1.909492015838623,
        1.9164774417877197,
        1.9223034381866455,
        1.9281566143035889,
        1.9339733123779297,
        1.9398012161254883,
        1.946911096572876,
        1.9526817798614502,
        1.9584834575653076,
        1.9642753601074219,
        1.9713242053985596,
        1.9770982265472412,
        1.9828436374664307,
        1.9885833263397217,
        1.9957401752471924,
        2.0016162395477295,
        2.0074915885925293,
        2.013361930847168,
        2.0192036628723145,
        2.0263583660125732,
        2.03218150138855,
        2.0380172729492188,
        2.04386830329895,
        2.0510106086730957,
        2.0568501949310303,
        2.062710762023926,
        2.069875955581665,
        2.075737476348877,
        2.0816702842712402,
        2.087512969970703,
        2.0933525562286377,
        2.1004750728607178
    ],
    "alpha": [
        0.5,
        0.125,
        0.25,
        0.125,
        0.25,
        0.25,
        0.125,
        1,
        0.125,
        1,
        0.5,
        0.25,
        0.25,
        0.5,
        0.25,
        0.25,
        1,
        0.25,
        0.25,
        1,
        0.5,
        0.25,
        0.25,
        1,
        1,
        0.25,
        0.25,
        1,
        1,
        0.25,
        0.25,
        1,
        1,
        0.5,
        0.25,
        0.5,
        0.5,
        0.25,
        1,
        0.25,
        0.5,
        0.5,
        0.25,
        1,
        0.25,
        1,
        0.25,
        1,
        0.25,
        0.5,
        1,
        0.25,
        1,
        0.25,
        1,
        0.25,
        1,
        0.25,
        1,
        0.25,
        1,
        1,
        0.5,
        1,
        0.25,
        1,
        0.5,
        1,
        0.25,
        1,
        0.5,
        0.5,
        0.5,
        0.5,
        1,
        0.25,
        1,
        0.5,
        0.5,
        0.5,
        1,
        0.5,
        0.5,
        0.5,
        0.5,
        1,
        0.5,
        0.5,
        0.5,
        0.5,
        0.5,
        1,
        1,
        0.5,
        0.5,
        1,
        0.5,
        0.5,
        1,
        0.5,
        0.5,
        1,
        0.5,
        1,
        0.5,
        0.5,
        1,
        0.5,
        1,
        0.5,
        0.5,
        1,
        1,
        1,
        0.25,
        0.5,
        0.5,
        1,
        0.5,
        1,
        0.5,
        1,
        0.5,
        1,
        0.5,
        0.5,
        1,
        0.5,
        1,
        0.5,
        1,
        1,
        0.5,
        1,
        1,
        1,
        1,
        0.5,
        1,
        1,
        1,
        0.5,
        0.25,
        0.5,
        0.5,
        1,
        1,
        1,
        0.5,
        1,
        0.5,
        1,
        1,
        0.5,
        1,
        0.5,
        0.5,
        1,
        1,
        1,
        0.5,
        1,
        1,
        0.5,
        1,
        0.5,
        1,
        1,
        0.5,
        1,
        1,
        1,
        0.5,
        1,
        1,
        0.5,
        1,
        1,
        0.5,
        1,
        1,
        1,
        0.5,
        1,
        1,
        1,
        0.5,
        1,
        1,
        1,
        0.5,
        1,
        1,
        1,
        0.5,
        1,
        1,
        1,
        0.5,
        1,
        1,
        0.5,
        1,
        1,
        0.5,
        1,
        1,
        1,
        1,
        0.5,
        1,
        1,
        1,
        0.5,
        1,
        1,
        1,
        0.5,
        1,
        1,
        1,
        0.5,
        1,
        1,
        1,
        0.5,
        1,
        1,
        1,
        0.5,
        1,
        1,
        1,
        0.5,
        1,
        1,
        1,
        0.5,
        1,
        1,
        1,
        0.5,
        1,
        1,
        0.5,
        1,
        1,
        1,
        0.5,
        1,
        1,
        1,
        0.5,
        1,
        1,
        0.5,
        1,
        1,
        1,
        1,
        0.5,
        1,
        1,
        0.5,
        1,
        1,
        1,
        0.5,
        1,
        1,
        1,
        1,
        0.5,
        1,
        1,
        0.5,
        1,
        1,
        1,
        0.5,
        1,
        1,
        0.5,
        1,
        1,
        1,
        0.5,
        1,
        1,
        1,
        0.5,
        1,
        1,
        1,
        1,
        0.5,
        1,
        1,
        1,
        0.5,
        1,
        1,
        1,
        0.5,
        1,
        1,
        1,
        1,
        0.5,
        1,
        1,
        1,
        0.5,
        1,
        1,
        0.5,
        1,
        1,
        1,
        1,
        0.5,
        null
    ],
    "f": [
        0.6931471805599451,
        0.5763063183106688,
        0.5343717939205903,
        0.5090657293187737,
        0.48418248299162203,
        0.4627525736104448,
        0.44302087523570105,
        0.42717142473555997,
        0.4039206435098605,
        0.38866748127579354,
        0.37570008966652635,
        0.3673890715017624,
        0.3615757162755102,
        0.3577158925918785,
        0.35462996394039925,
        0.3519954409520435,
        0.349987581798835,
        0.34766198494815737,
        0.3456174658185532,
        0.3440096602732234,
        0.34223052895782474,
        0.34067168051072166,
        0.3393151883372521,
        0.3382174895784201,
        0.3370255203343043,
        0.3358420762198292,
        0.3347738857986098,
        0.3338840486016359,
        0.3329172055769904,
        0.33195483125587955,
        0.3310730438646222,
        0.3303269119798366,
        0.3295282160710202,
        0.32871273319365546,
        0.3280131432643323,
        0.32739957138563136,
        0.3268759152326857,
        0.3263963881582542,
        0.32595504085329574,
        0.32549863174739685,
        0.3250609383936844,
        0.3246791581648322,
        0.32431181505709156,
        0.3239968048117133,
        0.3236483330280525,
        0.3233316556938637,
        0.323027746900441,
        0.3227504214789449,
        0.3225006901365312,
        0.3222724591567167,
        0.32207853397725184,
        0.3218733590662088,
        0.32167331016386785,
        0.3214812510955145,
        0.3213175361431448,
        0.32115500812532904,
        0.32099607924528833,
        0.32083681492609506,
        0.32068304419917953,
        0.32053795049255135,
        0.3204248453882953,
        0.3203085841755909,
        0.32019453434161504,
        0.32010121258060903,
        0.32001775532426324,
        0.3199510454806682,
        0.3198612513737831,
        0.31978568297635124,
        0.3197135935672382,
        0.3196567073724605,
        0.31959747313486236,
        0.3195613863093175,
        0.31953108074528663,
        0.31949568242424453,
        0.31946285089863297,
        0.31942181700940764,
        0.31939486728727035,
        0.31936171334670144,
        0.31933361857219966,
        0.31930230078620364,
        0.31926889743333875,
        0.31924069561175533,
        0.31921223087262246,
        0.3191823290639799,
        0.3191539913792593,
        0.3191228070541642,
        0.31908251302304697,
        0.31905352186290187,
        0.31903623454016855,
        0.319018924255142,
        0.318998459904127,
        0.3189761800476649,
        0.3189512023002971,
        0.318926628665878,
        0.3188984598367435,
        0.3188741638059547,
        0.3188458928033308,
        0.3188159192336058,
        0.3187938294756401,
        0.31877498857062325,
        0.3187528443934681,
        0.3187311782012559,
        0.3187107246334357,
        0.31870105194998244,
        0.3186855467017046,
        0.31866699136848886,
        0.31864889328951246,
        0.3186312820100505,
        0.3186223017827383,
        0.3186103881556456,
        0.3185967474197869,
        0.31858560036462774,
        0.31857546399098474,
        0.31856576249005675,
        0.3185579631607294,
        0.31854933010638126,
        0.3185399274423055,
        0.3185322529202674,
        0.31852489048944194,
        0.3185221317173242,
        0.31851721853159126,
        0.31851246368679786,
        0.31850350616467554,
        0.31849639351999803,
        0.3184897344694242,
        0.3184838793187817,
        0.3184788732853548,
        0.3184739700648641,
        0.3184689515949426,
        0.31846412774921695,
        0.31845936382187545,
        0.31845419120721624,
        0.31844918213498113,
        0.31844456930122694,
        0.3184389004412076,
        0.31843351705272566,
        0.31842791770901224,
        0.3184221310307881,
        0.3184163241688042,
        0.31841047364691166,
        0.31840463852219414,
        0.3183995586823633,
        0.3183938095894552,
        0.31838891813396797,
        0.3183838323913195,
        0.31837928321520453,
        0.31837479022616194,
        0.318370376098577,
        0.3183665402336361,
        0.3183632476537459,
        0.3183592212971958,
        0.3183558489498081,
        0.3183550723535422,
        0.31835095143261893,
        0.318349149628768,
        0.31834679767597296,
        0.3183449426228028,
        0.31834349787802035,
        0.3183421693676326,
        0.3183409505412959,
        0.3183398630789465,
        0.31833889901946777,
        0.3183380743207793,
        0.31833729332882693,
        0.3183366274956343,
        0.3183360611589095,
        0.31833560081858364,
        0.3183351756025808,
        0.3183347447925885,
        0.3183343795038261,
        0.31833407187548224,
        0.3183338305348069,
        0.3183335915898207,
        0.318333362441293,
        0.3183331271390072,
        0.3183328369042377,
        0.31833256296890033,
        0.3183322380732093,
        0.3183318350018124,
        0.3183314264142339,
        0.3183309577990742,
        0.3183304207938647,
        0.31832983646237256,
        0.3183292175888666,
        0.31832855453052944,
        0.31832782373356755,
        0.3183270509100228,
        0.31832627695540355,
        0.3183254742891134,
        0.3183246307815456,
        0.318323766047686,
        0.3183229186792673,
        0.31832206388392814,
        0.31832119350003285,
        0.31832032648083225,
        0.3183194947536142,
        0.31831867550902676,
        0.31831786469687956,
        0.31831707865492875,
        0.31831633631845063,
        0.31831566289868846,
        0.318315022896856,
        0.31831443595185105,
        0.3183138769309308,
        0.31831333065336276,
        0.31831283244068437,
        0.31831235495593235,
        0.31831201210913895,
        0.31831162861386186,
        0.3183112862551717,
        0.3183109727881327,
        0.3183106680772228,
        0.31831035846359657,
        0.3183100474385227,
        0.31830975557399266,
        0.3183094588019347,
        0.31830914860079346,
        0.31830882896249924,
        0.31830852325208736,
        0.31830820389474,
        0.3183078747117787,
        0.3183075287136887,
        0.3183071921211068,
        0.31830683768906126,
        0.3183064593634569,
        0.31830606372316667,
        0.31830567510738245,
        0.3183052734922076,
        0.31830485536089964,
        0.3183044294906745,
        0.31830401347011356,
        0.3183035936669298,
        0.31830316799287356,
        0.31830274188099633,
        0.31830233618252446,
        0.3183019337917321,
        0.3183015327468228,
        0.31830113930287257,
        0.31830076647282834,
        0.3183004046019656,
        0.31830004807632156,
        0.31829970429682974,
        0.3182993729719475,
        0.31829905758455146,
        0.31829874742858133,
        0.3182984587392152,
        0.3182981784007312,
        0.3182979014351001,
        0.31829763096863367,
        0.3182973769045341,
        0.3182971293127812,
        0.318296883054918,
        0.3182966429686646,
        0.3182964124226248,
        0.318296189599914,
        0.31829596670434723,
        0.3182957609053365,
        0.31829555671205484,
        0.3182953523563012,
        0.3182951496193317,
        0.3182949512944792,
        0.3182947580814584,
        0.31829457341108697,
        0.3182943886880409,
        0.3182942188603698,
        0.31829405094394425,
        0.3182938833655994,
        0.31829371776501475,
        0.31829356474975334,
        0.31829341402313627,
        0.31829326373269873,
        0.31829311614959216,
        0.3182929687528141,
        0.3182928257936662,
        0.31829269262820314,
        0.31829256107747833,
        0.31829244482516206,
        0.3182923393528553,
        0.3182922373870022,
        0.318292140188267,
        0.31829205447350456,
        0.3182919742776929,
        0.31829189697602667,
        0.31829183212857864,
        0.3182917729250783,
        0.31829171887560476,
        0.31829166939573506,
        0.31829162708757086,
        0.31829158608976205,
        0.31829154343344807,
        0.3182914999221004,
        0.31829146283222565,
        0.3182914236010481,
        0.31829138030125004,
        0.3182913343167365,
        0.31829128731374506,
        0.3182912423757722,
        0.31829119868279343,
        0.3182911523810351,
        0.3182911059303675,
        0.3182910631703114,
        0.31829102051995195,
        0.31829097566263004,
        0.3182909305617793,
        0.3182908910026653,
        0.3182908520694059,
        0.3182908124727483,
        0.31829077355500335,
        0.3182907365117224,
        0.31829070249690017,
        0.3182906721862053,
        0.31829064216834674,
        0.31829061519264173,
        0.3182905909774037,
        0.3182905702396015,
        0.31829054956565767,
        0.3182905357638519,
        0.3182905223598014,
        0.3182905085360697,
        0.3182904944739428,
        0.3182904803498535,
        0.318290471333771
    ],
    "Dtype": [
        null,
        null,
        null,
        null,
        null,
        null,
        null,
        null,
        null,
        null,
        null,
        null,
        null,
        null,
        null,
        null,
        null,
        null,
        null,
        null,
        null,
        null,
        null,
        null,
        null,
        null,
        null,
        null,
        null,
        null,
        null,
        null,
        null,
        null,
        null,
        null,
        null,
        null,
        null,
        null,
        null,
        null,
        null,
        null,
        null,
        null,
        null,
        null,
        null,
        null,
        null,
        null,
        null,
        null,
        null,
        null,
        null,
        null,
        null,
        null,
        null,
        null,
        null,
        null,
        null,
        null,
        null,
        null,
        null,
        null,
        null,
        null,
        null,
        null,
        null,
        null,
        null,
        null,
        null,
        null,
        null,
        null,
        null,
        null,
        null,
        null,
        null,
        null,
        null,
        null,
        null,
        null,
        null,
        null,
        null,
        null,
        null,
        null,
        null,
        null,
        null,
        null,
        null,
        null,
        null,
        null,
        null,
        null,
        null,
        null,
        null,
        null,
        null,
        null,
        null,
        null,
        null,
        null,
        null,
        null,
        null,
        null,
        null,
        null,
        null,
        null,
        null,
        null,
        null,
        null,
        null,
        null,
        null,
        null,
        null,
        null,
        null,
        null,
        null,
        null,
        null,
        null,
        null,
        null,
        null,
        null,
        null,
        null,
        null,
        null,
        null,
        null,
        null,
        null,
        null,
        null,
        null,
        null,
        null,
        null,
        null,
        null,
        null,
        null,
        null,
        null,
        null,
        null,
        null,
        null,
        null,
        null,
        null,
        null,
        null,
        null,
        null,
        null,
        null,
        null,
        null,
        null,
        null,
        null,
        null,
        null,
        null,
        null,
        null,
        null,
        null,
        null,
        null,
        null,
        null,
        null,
        null,
        null,
        null,
        null,
        null,
        null,
        null,
        null,
        null,
        null,
        null,
        null,
        null,
        null,
        null,
        null,
        null,
        null,
        null,
        null,
        null,
        null,
        null,
        null,
        null,
        null,
        null,
        null,
        null,
        null,
        null,
        null,
        null,
        null,
        null,
        null,
        null,
        null,
        null,
        null,
        null,
        null,
        null,
        null,
        null,
        null,
        null,
        null,
        null,
        null,
        null,
        null,
        null,
        null,
        null,
        null,
        null,
        null,
        null,
        null,
        null,
        null,
        null,
        null,
        null,
        null,
        null,
        null,
        null,
        null,
        null,
        null,
        null,
        null,
        null,
        null,
        null,
        null,
        null,
        null,
        null,
        null,
        null,
        null,
        null,
        null,
        null,
        null,
        null,
        null,
        null,
        null,
        null,
        null,
        null,
        null,
        null,
        null,
        null,
        null,
        null,
        null,
        null,
        null,
        null,
        null,
        null,
        null,
        null,
        null,
        null,
        null,
        null,
        null,
        null,
        null,
        null,
        null,
        null,
        null,
        null,
        null,
        null,
        null,
        null,
        null
    ],
    "termination flag": "TOL",
    "Train accuracy": 88.885,
    "Sparsity": 77.0408163265306
}