{
    "settings": {
        "max_iters": 10000000.0,
        "max_oracles": 100000.0,
        "ops_weighting": [
            1,
            1,
            4
        ],
        "oracle termination": true,
        "eg": 1e-08,
        "e_act": 0.0001,
        "theta": 100.0,
        "alpha0": 1,
        "rho": 0.0001,
        "LS factor": 0.5,
        "bertsekas_active_set": false,
        "active_grad_scaling": false,
        "forward_tracking_enabled": true
    },
    "name": "NewtonMRTMP",
    "ops": [
        [
            0,
            0,
            0
        ],
        [
            1,
            1,
            0
        ],
        [
            4,
            2,
            4
        ],
        [
            6,
            3,
            14
        ],
        [
            8,
            4,
            19
        ],
        [
            9,
            5,
            27
        ],
        [
            11,
            6,
            34
        ],
        [
            12,
            7,
            39
        ],
        [
            15,
            8,
            46
        ],
        [
            17,
            9,
            50
        ],
        [
            21,
            10,
            55
        ],
        [
            25,
            11,
            62
        ],
        [
            26,
            12,
            68
        ],
        [
            27,
            13,
            71
        ],
        [
            31,
            14,
            76
        ],
        [
            34,
            15,
            81
        ],
        [
            35,
            16,
            85
        ],
        [
            40,
            17,
            92
        ],
        [
            41,
            18,
            96
        ],
        [
            43,
            19,
            100
        ],
        [
            44,
            20,
            103
        ],
        [
            49,
            21,
            109
        ],
        [
            51,
            22,
            113
        ],
        [
            54,
            23,
            118
        ],
        [
            56,
            24,
            121
        ],
        [
            64,
            25,
            132
        ],
        [
            69,
            26,
            138
        ],
        [
            71,
            27,
            140
        ],
        [
            79,
            28,
            153
        ],
        [
            84,
            29,
            161
        ],
        [
            86,
            30,
            163
        ],
        [
            95,
            31,
            177
        ],
        [
            101,
            32,
            186
        ],
        [
            102,
            33,
            189
        ],
        [
            110,
            34,
            197
        ],
        [
            115,
            35,
            202
        ],
        [
            116,
            36,
            204
        ],
        [
            124,
            37,
            214
        ],
        [
            125,
            38,
            216
        ],
        [
            132,
            39,
            224
        ],
        [
            133,
            40,
            227
        ],
        [
            139,
            41,
            240
        ],
        [
            140,
            42,
            243
        ],
        [
            146,
            43,
            251
        ],
        [
            147,
            44,
            254
        ],
        [
            153,
            45,
            263
        ],
        [
            154,
            46,
            266
        ],
        [
            161,
            47,
            274
        ],
        [
            162,
            48,
            277
        ],
        [
            167,
            49,
            285
        ],
        [
            168,
            50,
            288
        ],
        [
            173,
            51,
            301
        ],
        [
            175,
            52,
            304
        ],
        [
            184,
            53,
            317
        ],
        [
            190,
            54,
            326
        ],
        [
            191,
            55,
            329
        ],
        [
            198,
            56,
            337
        ],
        [
            202,
            57,
            343
        ],
        [
            203,
            58,
            346
        ],
        [
            210,
            59,
            355
        ],
        [
            211,
            60,
            358
        ],
        [
            218,
            61,
            372
        ],
        [
            219,
            62,
            375
        ],
        [
            224,
            63,
            385
        ],
        [
            225,
            64,
            388
        ],
        [
            233,
            65,
            396
        ],
        [
            234,
            66,
            399
        ],
        [
            239,
            67,
            407
        ],
        [
            241,
            68,
            413
        ],
        [
            243,
            69,
            416
        ],
        [
            251,
            70,
            427
        ],
        [
            257,
            71,
            434
        ],
        [
            258,
            72,
            436
        ],
        [
            264,
            73,
            445
        ],
        [
            265,
            74,
            448
        ],
        [
            272,
            75,
            461
        ],
        [
            273,
            76,
            464
        ],
        [
            277,
            77,
            472
        ],
        [
            278,
            78,
            475
        ],
        [
            284,
            79,
            481
        ],
        [
            285,
            80,
            484
        ],
        [
            290,
            81,
            494
        ],
        [
            291,
            82,
            497
        ],
        [
            297,
            83,
            505
        ],
        [
            298,
            84,
            508
        ],
        [
            304,
            85,
            522
        ],
        [
            305,
            86,
            525
        ],
        [
            311,
            87,
            534
        ],
        [
            312,
            88,
            537
        ],
        [
            317,
            89,
            547
        ],
        [
            318,
            90,
            550
        ],
        [
            324,
            91,
            556
        ],
        [
            325,
            92,
            559
        ],
        [
            329,
            93,
            569
        ],
        [
            330,
            94,
            572
        ],
        [
            337,
            95,
            578
        ],
        [
            341,
            96,
            582
        ],
        [
            342,
            97,
            584
        ],
        [
            348,
            98,
            592
        ],
        [
            349,
            99,
            596
        ],
        [
            350,
            100,
            599
        ],
        [
            354,
            101,
            604
        ],
        [
            355,
            102,
            606
        ],
        [
            361,
            103,
            615
        ],
        [
            362,
            104,
            618
        ],
        [
            368,
            105,
            631
        ],
        [
            369,
            106,
            634
        ],
        [
            373,
            107,
            647
        ],
        [
            374,
            108,
            649
        ],
        [
            381,
            109,
            655
        ],
        [
            382,
            110,
            658
        ],
        [
            386,
            111,
            664
        ],
        [
            387,
            112,
            668
        ],
        [
            388,
            113,
            671
        ],
        [
            389,
            114,
            677
        ],
        [
            390,
            115,
            680
        ],
        [
            396,
            116,
            685
        ],
        [
            399,
            117,
            689
        ],
        [
            400,
            118,
            691
        ],
        [
            407,
            119,
            700
        ],
        [
            409,
            120,
            704
        ],
        [
            410,
            121,
            706
        ],
        [
            416,
            122,
            715
        ],
        [
            417,
            123,
            718
        ],
        [
            420,
            124,
            731
        ],
        [
            421,
            125,
            733
        ],
        [
            427,
            126,
            738
        ],
        [
            428,
            127,
            741
        ],
        [
            431,
            128,
            746
        ],
        [
            432,
            129,
            749
        ],
        [
            435,
            130,
            754
        ],
        [
            436,
            131,
            757
        ],
        [
            441,
            132,
            765
        ],
        [
            442,
            133,
            767
        ],
        [
            443,
            134,
            780
        ],
        [
            444,
            135,
            784
        ],
        [
            450,
            136,
            790
        ],
        [
            451,
            137,
            794
        ],
        [
            452,
            138,
            797
        ],
        [
            456,
            139,
            805
        ],
        [
            457,
            140,
            808
        ],
        [
            460,
            141,
            815
        ],
        [
            461,
            142,
            818
        ],
        [
            462,
            143,
            826
        ],
        [
            463,
            144,
            842
        ],
        [
            464,
            145,
            846
        ],
        [
            465,
            146,
            853
        ],
        [
            466,
            147,
            856
        ],
        [
            467,
            148,
            860
        ],
        [
            468,
            149,
            866
        ],
        [
            469,
            150,
            882
        ],
        [
            470,
            151,
            887
        ],
        [
            471,
            152,
            896
        ],
        [
            472,
            153,
            913
        ],
        [
            473,
            154,
            927
        ],
        [
            474,
            155,
            946
        ],
        [
            475,
            156,
            955
        ],
        [
            476,
            157,
            967
        ],
        [
            477,
            158,
            984
        ],
        [
            478,
            159,
            995
        ],
        [
            479,
            160,
            1012
        ],
        [
            480,
            161,
            1020
        ],
        [
            481,
            162,
            1037
        ],
        [
            482,
            163,
            1054
        ],
        [
            483,
            164,
            1070
        ],
        [
            484,
            165,
            1085
        ],
        [
            485,
            166,
            1101
        ],
        [
            486,
            167,
            1116
        ],
        [
            487,
            168,
            1131
        ],
        [
            488,
            169,
            1141
        ],
        [
            489,
            170,
            1160
        ]
    ],
    "t": [
        9.5367431640625e-07,
        0.005428314208984375,
        0.03381538391113281,
        0.09064483642578125,
        0.1222376823425293,
        0.16768980026245117,
        0.2092597484588623,
        0.23950433731079102,
        0.2823927402496338,
        0.30877232551574707,
        0.34289979934692383,
        0.38704609870910645,
        0.42217135429382324,
        0.44219422340393066,
        0.47629404067993164,
        0.5090889930725098,
        0.5341453552246094,
        0.5796573162078857,
        0.6047408580780029,
        0.6312007904052734,
        0.6512398719787598,
        0.6916561126708984,
        0.7180318832397461,
        0.7506954669952393,
        0.7720835208892822,
        0.8416190147399902,
        0.8820662498474121,
        0.8983256816864014,
        0.9781379699707031,
        1.0283684730529785,
        1.0444834232330322,
        1.1306140422821045,
        1.187516450881958,
        1.2074477672576904,
        1.261805772781372,
        1.297262191772461,
        1.3122272491455078,
        1.3768689632415771,
        1.3917758464813232,
        1.4444983005523682,
        1.4643795490264893,
        1.5412778854370117,
        1.5611696243286133,
        1.6125280857086182,
        1.6324050426483154,
        1.688802719116211,
        1.7086787223815918,
        1.7615652084350586,
        1.7815630435943604,
        1.831688404083252,
        1.8517630100250244,
        1.9275085926055908,
        1.9488699436187744,
        2.0293238162994385,
        2.085883378982544,
        2.106403350830078,
        2.159518241882324,
        2.1983635425567627,
        2.2182188034057617,
        2.275747537612915,
        2.295593738555908,
        2.3783082962036133,
        2.398228645324707,
        2.458421230316162,
        2.4782958030700684,
        2.531984567642212,
        2.5518693923950195,
        2.6021828651428223,
        2.6383023262023926,
        2.659369707107544,
        2.728212833404541,
        2.7743639945983887,
        2.789123058319092,
        2.8455469608306885,
        2.865471124649048,
        2.9436144828796387,
        2.963655471801758,
        3.0127251148223877,
        3.0326740741729736,
        3.074334144592285,
        3.094383478164673,
        3.155033826828003,
        3.1749989986419678,
        3.2265849113464355,
        3.246598958969116,
        3.3284778594970703,
        3.348456382751465,
        3.40516996383667,
        3.425076723098755,
        3.4854183197021484,
        3.5053703784942627,
        3.546983242034912,
        3.566915273666382,
        3.625929832458496,
        3.6458427906036377,
        3.6883485317230225,
        3.716961622238159,
        3.731717824935913,
        3.782930374145508,
        3.8077499866485596,
        3.827578544616699,
        3.861219644546509,
        3.8760182857513428,
        3.9322071075439453,
        3.951998710632324,
        4.02838397026062,
        4.048178434371948,
        4.122222185134888,
        4.137172222137451,
        4.1799890995025635,
        4.199839353561401,
        4.238502264022827,
        4.263312816619873,
        4.283082723617554,
        4.317856788635254,
        4.337658166885376,
        4.373831510543823,
        4.401185035705566,
        4.415944576263428,
        4.4735167026519775,
        4.499654769897461,
        4.514416456222534,
        4.570570945739746,
        4.590365886688232,
        4.662734746932983,
        4.677512884140015,
        4.7137205600738525,
        4.733526229858398,
        4.765926122665405,
        4.785701274871826,
        4.818052768707275,
        4.837789535522461,
        4.887742757797241,
        4.902527332305908,
        4.972592830657959,
        4.997376203536987,
        5.038477897644043,
        5.063284158706665,
        5.083046197891235,
        5.131964206695557,
        5.151854753494263,
        5.19429087638855,
        5.21402907371521,
        5.258858919143677,
        5.343808174133301,
        5.368624925613403,
        5.408517599105835,
        5.428309202194214,
        5.453073740005493,
        5.487849712371826,
        5.5727856159210205,
        5.60270094871521,
        5.652630567550659,
        5.742629051208496,
        5.8175811767578125,
        5.917633533477783,
        5.9675586223602295,
        6.032660007476807,
        6.123001575469971,
        6.183119773864746,
        6.273032903671265,
        6.317819833755493,
        6.407774925231934,
        6.497753620147705,
        6.582779884338379,
        6.662715673446655,
        6.747671604156494,
        6.827639579772949,
        6.907684087753296,
        6.962707042694092,
        7.062738418579102
    ],
    "alpha": [
        1,
        0.25,
        0.5,
        0.5,
        1,
        0.5,
        1,
        0.25,
        0.5,
        0.125,
        0.125,
        1,
        1,
        0.125,
        0.25,
        1,
        0.0625,
        1,
        0.5,
        1,
        0.0625,
        0.5,
        0.25,
        0.5,
        0.0078125,
        0.0625,
        0.5,
        0.0078125,
        0.0625,
        0.5,
        0.00390625,
        0.03125,
        1,
        0.0078125,
        0.0625,
        1,
        0.0078125,
        1,
        0.015625,
        1,
        0.03125,
        1,
        0.03125,
        1,
        0.03125,
        1,
        0.015625,
        1,
        0.0625,
        1,
        0.0625,
        0.5,
        0.00390625,
        0.03125,
        1,
        0.015625,
        0.125,
        1,
        0.015625,
        1,
        0.015625,
        1,
        0.0625,
        1,
        0.0078125,
        1,
        0.0625,
        0.5,
        0.5,
        0.0078125,
        0.03125,
        1,
        0.03125,
        1,
        0.015625,
        1,
        0.125,
        1,
        0.03125,
        1,
        0.0625,
        1,
        0.03125,
        1,
        0.03125,
        1,
        0.03125,
        1,
        0.0625,
        1,
        0.03125,
        1,
        0.125,
        1,
        0.015625,
        0.125,
        1,
        0.03125,
        1,
        1,
        0.125,
        1,
        0.03125,
        1,
        0.03125,
        1,
        0.125,
        1,
        0.015625,
        1,
        0.125,
        1,
        1,
        1,
        1,
        0.03125,
        0.25,
        1,
        0.015625,
        0.5,
        1,
        0.03125,
        1,
        0.25,
        1,
        0.03125,
        1,
        0.25,
        1,
        0.25,
        1,
        0.0625,
        1,
        1,
        1,
        0.03125,
        1,
        1,
        0.125,
        1,
        0.25,
        1,
        1,
        1,
        1,
        1,
        1,
        1,
        1,
        1,
        1,
        1,
        1,
        1,
        1,
        1,
        1,
        1,
        1,
        1,
        1,
        1,
        1,
        1,
        1,
        1,
        1,
        1,
        1,
        1,
        null
    ],
    "Dtype": [
        "SOL",
        "SOL",
        "SOL",
        "SOL",
        "SOL",
        "SOL",
        "SOL",
        "SOL",
        "SOL",
        "SOL",
        "SOL",
        "SOL",
        "SOL",
        "SOL",
        "SOL",
        "SOL",
        "SOL",
        "SOL",
        "SOL",
        "SOL",
        "SOL",
        "SOL",
        "SOL",
        "SOL",
        "SOL",
        "SOL",
        "SOL",
        "SOL",
        "SOL",
        "SOL",
        "SOL",
        "SOL",
        "SOL",
        "SOL",
        "SOL",
        "SOL",
        "SOL",
        "SOL",
        "SOL",
        "SOL",
        "SOL",
        "SOL",
        "SOL",
        "SOL",
        "SOL",
        "SOL",
        "SOL",
        "SOL",
        "SOL",
        "SOL",
        "SOL",
        "SOL",
        "SOL",
        "SOL",
        "SOL",
        "SOL",
        "SOL",
        "SOL",
        "SOL",
        "SOL",
        "SOL",
        "SOL",
        "SOL",
        "SOL",
        "SOL",
        "SOL",
        "SOL",
        "SOL",
        "SOL",
        "SOL",
        "SOL",
        "SOL",
        "SOL",
        "SOL",
        "SOL",
        "SOL",
        "SOL",
        "SOL",
        "SOL",
        "SOL",
        "SOL",
        "SOL",
        "SOL",
        "SOL",
        "SOL",
        "SOL",
        "SOL",
        "SOL",
        "SOL",
        "SOL",
        "SOL",
        "SOL",
        "SOL",
        "SOL",
        "SOL",
        "SOL",
        "SOL",
        "SOL",
        "SOL",
        "SOL",
        "SOL",
        "SOL",
        "SOL",
        "SOL",
        "SOL",
        "SOL",
        "SOL",
        "SOL",
        "SOL",
        "SOL",
        "SOL",
        "SOL",
        "SOL",
        "SOL",
        "SOL",
        "SOL",
        "SOL",
        "SOL",
        "SOL",
        "SOL",
        "SOL",
        "SOL",
        "SOL",
        "SOL",
        "SOL",
        "SOL",
        "SOL",
        "SOL",
        "SOL",
        "SOL",
        "SOL",
        "SOL",
        "SOL",
        "SOL",
        "SOL",
        "SOL",
        "SOL",
        "SOL",
        "SOL",
        "SOL",
        "SOL",
        "SOL",
        "SOL",
        "SOL",
        "SOL",
        "SOL",
        "SOL",
        "SOL",
        "SOL",
        "SOL",
        "SOL",
        "SOL",
        "SOL",
        "SOL",
        "SOL",
        "SOL",
        "SOL",
        "SOL",
        "SOL",
        "SOL",
        "SOL",
        "SOL",
        "SOL",
        "SOL",
        "SOL",
        "SOL",
        "SOL",
        "SOL",
        "SOL",
        "SOL",
        null
    ],
    "f": [
        0.6931471805599451,
        0.5708307644865124,
        0.45300452837815824,
        0.4419545222126057,
        0.38432488894843114,
        0.3531113054904785,
        0.34049449804197635,
        0.3337857545952112,
        0.33201025220168107,
        0.32960743457785746,
        0.3292990070148773,
        0.3280644894635406,
        0.32716094222220987,
        0.32501373341762885,
        0.32464656856647056,
        0.32365344642078997,
        0.323204759036008,
        0.3228927124003576,
        0.3226473437736305,
        0.3226466571803779,
        0.32264055621906595,
        0.32239958348675457,
        0.3222522136036425,
        0.3220783082418456,
        0.32184631153275,
        0.321725673974043,
        0.32171739050510256,
        0.3216080729191436,
        0.32157293502297757,
        0.32150899545248823,
        0.32139880842857155,
        0.32137206348216124,
        0.3213576143637789,
        0.3212270985567438,
        0.3212042554705982,
        0.3211624226166168,
        0.32111152286854205,
        0.32108726796460313,
        0.3210588230697691,
        0.3210368807172881,
        0.320895846396949,
        0.32079505397071817,
        0.320680320456864,
        0.3206789893052396,
        0.32056506021640574,
        0.32056097364951824,
        0.32046527285314724,
        0.32044995920572994,
        0.32036201431381406,
        0.320271699505261,
        0.32019051000285204,
        0.32016535471560215,
        0.32004867453197544,
        0.320019413974788,
        0.3200142926604677,
        0.31991388367086726,
        0.31989586867163256,
        0.31987428162744125,
        0.31980005750913737,
        0.31979737756414073,
        0.31972071115135164,
        0.31971188742709433,
        0.3196371281395534,
        0.31962925539049614,
        0.3195983555632953,
        0.31958737736985754,
        0.3195414639576427,
        0.3194744989281161,
        0.3194345156867843,
        0.3193398175809259,
        0.31932093162860775,
        0.3193155426501556,
        0.31929039731910386,
        0.31928836449281195,
        0.31924334965235424,
        0.31923306149337427,
        0.31920029105488124,
        0.31915392307095725,
        0.3191232382331629,
        0.31911791909629134,
        0.3190904700875377,
        0.3190630618396075,
        0.31904079706737665,
        0.31903687210897674,
        0.31901363577073916,
        0.3189993447481673,
        0.3189751953885292,
        0.31897130723240935,
        0.31894979872187834,
        0.3189405707772492,
        0.31891949984165274,
        0.31891522702018216,
        0.3188944908916605,
        0.31887966886641217,
        0.3188639219389893,
        0.31886091908653347,
        0.31885495140793785,
        0.3188325670351519,
        0.3188281648712421,
        0.31880097192948936,
        0.3187851164426706,
        0.3187848648212063,
        0.31877410812282503,
        0.3187721164947971,
        0.318757220259102,
        0.31874775298821545,
        0.3187349043194983,
        0.31871341968038736,
        0.3187060249194349,
        0.3187026257152918,
        0.31868837705648256,
        0.318668813798086,
        0.3186516646430234,
        0.3186442169979708,
        0.3185528686005774,
        0.3185219032452902,
        0.31851992437977056,
        0.3185184945305265,
        0.31850817816947347,
        0.3185062562475227,
        0.3185052172126686,
        0.31849990579855486,
        0.31849772034300516,
        0.3184936291123762,
        0.3184841467012543,
        0.31846461786160984,
        0.31845875240992655,
        0.3184488442430306,
        0.3184329873263422,
        0.31842669326435824,
        0.3184236825958311,
        0.3184200368507219,
        0.31841879985780497,
        0.31841685034312833,
        0.318369451501769,
        0.31832692765924064,
        0.31832588065612333,
        0.3183215095465076,
        0.31831787666975225,
        0.3183171066934862,
        0.3183152311800821,
        0.3183142456689816,
        0.3183126645982768,
        0.3183068537716693,
        0.31829486453422356,
        0.31829230956143817,
        0.3182917066912594,
        0.3182912715691361,
        0.31829113201407216,
        0.3182908245600942,
        0.31828766634314354,
        0.3182876211705733,
        0.31828739974028797,
        0.3182867008892069,
        0.3182865601883663,
        0.31828632786435673,
        0.3182863247002693,
        0.3182863185976573,
        0.31828630859919793,
        0.3182863077376972,
        0.31828630530031216,
        0.3182863052457292,
        0.3182863050924585,
        0.3182863050324305,
        0.3182863049949755,
        0.3182863049802856,
        0.31828630496717963,
        0.31828630496306004,
        0.3182863049590735,
        0.31828630495825705,
        0.3182863049547908
    ],
    "inactive_grad_norm": [
        0.0,
        1.1608095204042048,
        0.42144985438636506,
        0.7897935710059026,
        0.2695481106030296,
        0.2523623806642069,
        0.19903642032506338,
        0.08118230400308696,
        0.1573670978838366,
        0.09093409761868924,
        0.09512950196075771,
        0.05231243395295255,
        0.14233178067247546,
        0.07584323933733869,
        0.08741011657664645,
        0.03312431649532775,
        0.03757710474556853,
        0.028771601905603857,
        0.041530034127485786,
        0.061762907586778666,
        0.05006544265662729,
        0.05409155863909503,
        0.04676684136098511,
        0.05009545588338739,
        0.026096475772429913,
        0.025638449441440354,
        0.03192947572551857,
        0.014773705742176107,
        0.01907019555850029,
        0.030243365658771795,
        0.01655731277071252,
        0.017794401598793627,
        0.02657083662883812,
        0.03586325318819039,
        0.03182857163834825,
        0.03039643282907263,
        0.024511514183700303,
        0.024724922417222052,
        0.02070210750906981,
        0.020527525182409714,
        0.009855038033865244,
        0.014451326116680813,
        0.010748930574718677,
        0.019996040789845133,
        0.0113171898267186,
        0.020838018997453803,
        0.017722706466812194,
        0.019007976349690724,
        0.010632108421909725,
        0.010762286494562321,
        0.0044609290989825285,
        0.02528548272986516,
        0.012755206002206393,
        0.010897792346809066,
        0.017787652351451907,
        0.010027606415527095,
        0.011470063688155917,
        0.019240166267288503,
        0.015751442430414004,
        0.017740047714669978,
        0.006246396252304282,
        0.014208021469546162,
        0.0049450476680747806,
        0.018049322544882687,
        0.02336445554312239,
        0.02181400427930477,
        0.014016044740231439,
        0.006851991988038558,
        0.023243015075827836,
        0.010048376980289075,
        0.010813427301444448,
        0.013523096574662313,
        0.007001050566271758,
        0.011453484228669037,
        0.005026140772254967,
        0.008564567709659668,
        0.005897059607085874,
        0.010378100367500389,
        0.008395077521381284,
        0.008748809661445802,
        0.00293140203424616,
        0.007565620385760166,
        0.005101580558669983,
        0.00766748736719447,
        0.0024323563943752344,
        0.00795489999766702,
        0.003917327196797155,
        0.007475889108120703,
        0.0023743099151859316,
        0.009853621148079542,
        0.008067569136589875,
        0.007908108328003071,
        0.0024465502947887746,
        0.01228223001026678,
        0.014459225501516773,
        0.013405050719072902,
        0.012225651643934143,
        0.004932898633950617,
        0.0066747829847203935,
        0.007374106919819383,
        0.005592901230774923,
        0.007581504245959653,
        0.003204691760969907,
        0.005745115658604845,
        0.0015385830936694386,
        0.005227179968305054,
        0.0014213603203763311,
        0.011277468280228508,
        0.011668169339320106,
        0.01088097611273658,
        0.007673537075378734,
        0.0033396174881687862,
        0.0027730715209169526,
        0.0018135664200162338,
        0.011333722174966485,
        0.007647899819831217,
        0.0070313109868591125,
        0.007796379991990872,
        0.0032200901076226123,
        0.003310366182609727,
        0.0049476707302288985,
        0.001563367733223372,
        0.0025521030562807756,
        0.0007359828818210011,
        0.013817839793882318,
        0.011964601541146256,
        0.010306653081978381,
        0.007899090312097663,
        0.0047602587986768675,
        0.0027273443966806888,
        0.0027978428722056766,
        0.0010846587302757256,
        0.0027562050268855635,
        0.0005403554753730392,
        0.004299450628040396,
        0.002660173906057632,
        0.0024553628673470032,
        0.003289093432538504,
        0.0005474940398716726,
        0.001996739383267069,
        0.0005063116163235113,
        0.0020039357758642224,
        0.00023971846044655606,
        0.00013087911072527325,
        0.0019138495402930766,
        0.0001945879466117542,
        0.0010887041163425116,
        0.00021001896046287608,
        8.149268420721379e-05,
        4.666318293222819e-05,
        8.883239652120134e-05,
        2.6282472919308315e-05,
        1.9209743472979197e-05,
        1.1520884335316811e-05,
        8.135306397723702e-06,
        3.479527681899824e-06,
        2.3618778372426065e-06,
        1.8211822344827742e-06,
        1.1357012660695665e-06,
        8.02105368707062e-07,
        4.258972122130411e-07,
        2.7319977203898094e-07,
        1.9354194517982667e-07,
        1.391511449823696e-07,
        1.02591348120134e-07,
        7.794177759153566e-08,
        5.805900994396426e-08,
        4.396095437318018e-08,
        3.377044436059095e-08,
        2.78026091156887e-08,
        5.206646236793777e-09
    ],
    "active_min_grad": [
        0.0895407189542484,
        0.10356937278662408,
        0.02378274500603206,
        0.05999485434010341,
        0.02185675190016719,
        0.021584979012098396,
        0.020731306973730847,
        0.005295725984114687,
        0.013094638881848333,
        0.006534314621458603,
        0.006166069802286547,
        0.0047472373567302864,
        0.012632435434195576,
        0.005565500651639585,
        0.0025478143177158578,
        0.0018916134798590985,
        0.003265177931449435,
        0.002865184296672946,
        0.002966963299424516,
        0.004940677499236807,
        0.0020575287700200723,
        0.003669580095918173,
        0.005685565171861789,
        0.0044394461940607905,
        0.0002257481721091633,
        0.0020341616436557975,
        0.00260071332501654,
        -0.0,
        0.0011239784133820225,
        0.0029774521418850794,
        6.599742743122576e-05,
        0.0014273297203396475,
        0.003358994958575191,
        0.002108606617855119,
        0.002450598920831628,
        0.0016238659612947191,
        0.0005475916746368497,
        0.0023838783056065686,
        0.0010534685597023015,
        0.0016504888625350333,
        0.00036539218822121767,
        0.00144486276833536,
        0.0004528243943462242,
        0.0018434885820229657,
        0.0003548412534208857,
        0.002619431169895904,
        0.0006320474291108148,
        0.0013958765044901557,
        0.0007365083500375756,
        0.0010603844267039323,
        -0.0,
        0.0026110969686399207,
        -0.0,
        0.0005233696822406085,
        0.002435354477626144,
        0.00027187157025820017,
        0.0008047204413238148,
        0.001903557307707979,
        0.0008861855238923274,
        0.0022885500367228703,
        0.0001292699083468862,
        0.0011934351865657083,
        -0.0,
        0.003024494333306287,
        0.0013181352004271282,
        0.001521844963494898,
        -0.0,
        0.0006132770580500161,
        0.0021179770183926824,
        1.7257883683596256e-05,
        0.0005738302415992645,
        0.001031066276595194,
        0.0004657839567357689,
        0.001891553064755519,
        5.645030295911395e-05,
        0.0006080533614428584,
        -0.0,
        0.0018901674328281248,
        0.00033712013744729356,
        0.0005738009986864503,
        -0.0,
        0.001335041430585221,
        9.893908903155961e-05,
        0.0005063533272130262,
        0.0,
        0.0013958779276187407,
        -0.0,
        0.0005076006781840425,
        6.307987792654522e-05,
        0.0019334160489147053,
        0.00033611704254562407,
        0.0004898676677526264,
        -0.0,
        0.002526162675042798,
        0.0006839019233643795,
        0.000832713352534322,
        0.0007563363640943608,
        4.133234108154131e-05,
        0.0005793817134641653,
        0.0014737086118130705,
        0.00039968028968631955,
        0.0007057615154290933,
        8.936486987012361e-05,
        0.0010738671304807636,
        -0.0,
        0.00041916707985942617,
        -0.0,
        0.0024291711903289283,
        0.0006662289020432954,
        0.0007620253998401479,
        1.3551676179820787e-05,
        0.0002878868445823459,
        0.0001192287488108719,
        4.995705550655009e-05,
        0.0012002489425872193,
        0.0009268203759869868,
        0.001248922305089217,
        0.0005013838363489218,
        -0.0,
        0.00013197575951074672,
        0.0003649182312488613,
        2.647228269108304e-05,
        0.0002068151411243409,
        -0.0,
        0.00129805000712943,
        0.0007031614732446701,
        0.0008518687942050576,
        0.0016195663630100435,
        0.0003608501203728916,
        6.137611348648597e-06,
        0.0006367175842270957,
        7.722201943730772e-06,
        0.00014756316000169882,
        0.0,
        0.0005464533585431326,
        0.00012781809619407834,
        0.00020974220034932303,
        0.0001850443984913494,
        2.4919099783156113e-05,
        0.00018856848986829444,
        -0.0,
        0.00012670790874871646,
        0.0,
        0.0,
        0.0002209966331722772,
        1.5490500608436705e-05,
        0.0002513357889345409,
        -0.0,
        1.9987969737960028e-06,
        -0.0,
        9.281837801563891e-06,
        0.0,
        0.0,
        -0.0,
        -0.0,
        -0.0,
        -0.0,
        -0.0,
        -0.0,
        -0.0,
        0.0,
        0.0,
        -0.0,
        0.0,
        -0.0,
        0.0,
        -0.0,
        0.0,
        -0.0,
        0.0,
        -0.0
    ],
    "active_gx_norm": [
        0.0,
        4.29008997184187e-07,
        1.0452408456148658e-07,
        9.031193801357398e-07,
        5.058796342809358e-07,
        1.8958072384499082e-08,
        1.1751803800484583e-06,
        0.0,
        1.0925577861490781e-06,
        7.295729303006735e-07,
        3.3212957368852374e-07,
        5.644478378097423e-07,
        3.5688768023615577e-07,
        3.0584299803044534e-07,
        4.273556773197201e-07,
        5.18601954197945e-07,
        1.2171386671737268e-07,
        1.0606856133101052e-06,
        3.1165280541122213e-07,
        6.136964472968057e-07,
        2.7049082686614626e-07,
        9.702917470970357e-07,
        3.568813055420378e-08,
        5.456384383073547e-07,
        3.089364750412515e-07,
        4.0026240997040056e-07,
        8.718016069605644e-07,
        2.6222200579431467e-07,
        3.3005797812469596e-07,
        5.086164741865152e-07,
        5.262485666082858e-07,
        7.464335662472028e-07,
        4.703382879884609e-07,
        4.930526142057226e-07,
        5.342709722483303e-07,
        5.312720675100494e-07,
        4.7329643674382296e-07,
        5.278457921032985e-07,
        4.7111195969020686e-07,
        2.0835559346655315e-07,
        9.614635551627817e-08,
        2.8000118783103666e-07,
        2.4774907858877914e-07,
        1.8490002994771948e-07,
        2.7185593721947844e-07,
        1.7624224341968172e-07,
        4.7080869430893355e-07,
        3.2763881531007253e-07,
        7.346057382554257e-08,
        2.0772595902219856e-07,
        1.311463875111105e-07,
        3.5295292729584296e-07,
        5.351589267018656e-07,
        6.988947405306539e-07,
        2.7158603693714474e-07,
        1.6686541916921036e-07,
        1.7685920479180477e-07,
        3.431747206374401e-07,
        3.5952090264306034e-07,
        4.0576118075257945e-07,
        1.3476812540483795e-07,
        2.317044783389001e-07,
        1.2604048667155056e-07,
        1.646274585168172e-07,
        4.5639035010015045e-07,
        4.1547795898149685e-07,
        1.4513495480253768e-08,
        1.1983040957463338e-07,
        3.423916138901964e-07,
        3.1002479424956883e-07,
        4.828238098368811e-07,
        2.0803768272250628e-07,
        2.0313517989231473e-07,
        1.473016271531253e-07,
        1.565711387741329e-07,
        1.719641710503821e-07,
        2.6894299980098774e-08,
        2.0558975962099477e-07,
        2.0928465911383672e-07,
        1.8476601904926936e-07,
        5.530177226973625e-08,
        1.2670679579213406e-07,
        1.2459991668397225e-07,
        1.0823572020158007e-07,
        3.407299386816757e-08,
        5.92278329267882e-08,
        1.2142840302882405e-07,
        1.398891835589845e-07,
        7.704490609070791e-08,
        1.0110738141149602e-07,
        1.6970442589294663e-07,
        1.6217389114506983e-07,
        5.8936773900897834e-08,
        1.393645973797995e-07,
        3.120225905986591e-07,
        2.2051560739261988e-07,
        2.0750711832122476e-07,
        2.0521895576489738e-07,
        1.386503772457121e-07,
        3.687915930546659e-08,
        1.6076219576640734e-07,
        5.695345896051894e-08,
        8.177268683578357e-08,
        1.235111206963633e-07,
        5.7702861929116524e-08,
        9.581624168690521e-08,
        4.773666900643318e-08,
        5.211544120858923e-08,
        3.053147740746722e-07,
        2.3060276894334085e-07,
        1.2971885888771555e-08,
        1.1161004814560105e-07,
        1.3750440695801248e-08,
        3.574457019171892e-08,
        3.0989870796193024e-08,
        1.1003982984307861e-07,
        1.7326574509353228e-07,
        1.4344890239355717e-07,
        8.696668863611447e-08,
        9.355619209807674e-08,
        3.719581976166155e-08,
        3.8823129210974904e-08,
        4.8134222155694804e-08,
        2.220015752165951e-08,
        8.041434614433351e-08,
        1.6219187989951486e-07,
        1.6477164581903716e-07,
        4.0987550615907545e-08,
        1.0125479353005427e-07,
        4.403388657370098e-09,
        4.588855175356494e-08,
        3.8551456801615926e-08,
        5.415950708542441e-08,
        3.461167132486965e-08,
        1.5163256783258438e-09,
        6.882941592885927e-08,
        6.590646880602373e-08,
        2.181418723015278e-08,
        4.532074083312113e-08,
        3.767245126650771e-08,
        2.8958417989730336e-08,
        3.091519975967932e-08,
        8.286367278090308e-09,
        6.828950775518304e-09,
        7.064254050684158e-09,
        2.1841912720635524e-08,
        3.903868094145875e-09,
        1.0009235732706645e-08,
        1.2013820954189064e-09,
        1.655407668117677e-09,
        1.5799449467225273e-09,
        1.6068943879554802e-09,
        1.6617784650317198e-09,
        1.6491716734606633e-09,
        1.6227293353522822e-09,
        1.6410651103721667e-09,
        1.6318523080239191e-09,
        1.6241303447871396e-09,
        1.629711904256938e-09,
        1.6269019952285237e-09,
        1.6261882849996154e-09,
        1.6258368443463085e-09,
        1.6258320863585416e-09,
        1.6257123884268061e-09,
        1.6257623874421357e-09,
        1.6256261236150365e-09,
        1.6256439153146545e-09,
        1.6256327934366955e-09,
        1.6256359214952696e-09,
        1.6256445992264064e-09,
        1.625625732753478e-09
    ],
    "num_active_constraints": [
        1570,
        1089,
        832,
        1107,
        1025,
        1041,
        1108,
        1064,
        1113,
        1095,
        1097,
        1224,
        1125,
        1086,
        1088,
        1214,
        1201,
        1263,
        1207,
        1209,
        1085,
        1212,
        1151,
        1253,
        1098,
        1241,
        1279,
        1167,
        1255,
        1295,
        1174,
        1258,
        1295,
        1196,
        1241,
        1256,
        1179,
        1263,
        1212,
        1266,
        1258,
        1307,
        1254,
        1299,
        1256,
        1303,
        1230,
        1276,
        1264,
        1313,
        1285,
        1325,
        1215,
        1277,
        1320,
        1251,
        1292,
        1321,
        1264,
        1308,
        1255,
        1309,
        1290,
        1332,
        1237,
        1272,
        1263,
        1328,
        1332,
        1230,
        1299,
        1326,
        1299,
        1333,
        1298,
        1329,
        1323,
        1346,
        1295,
        1325,
        1325,
        1348,
        1313,
        1339,
        1330,
        1346,
        1313,
        1341,
        1332,
        1352,
        1302,
        1328,
        1334,
        1359,
        1283,
        1312,
        1330,
        1310,
        1344,
        1341,
        1341,
        1354,
        1335,
        1355,
        1335,
        1359,
        1351,
        1367,
        1301,
        1326,
        1328,
        1360,
        1355,
        1363,
        1373,
        1332,
        1351,
        1355,
        1330,
        1352,
        1368,
        1356,
        1370,
        1364,
        1373,
        1318,
        1342,
        1328,
        1358,
        1358,
        1373,
        1361,
        1373,
        1371,
        1390,
        1363,
        1377,
        1386,
        1382,
        1387,
        1379,
        1387,
        1386,
        1388,
        1393,
        1389,
        1392,
        1391,
        1391,
        1391,
        1392,
        1392,
        1392,
        1392,
        1392,
        1392,
        1392,
        1392,
        1392,
        1392,
        1392,
        1392,
        1392,
        1392,
        1392,
        1392,
        1392,
        1392,
        1392,
        1392,
        1392
    ],
    "termination flag": "TOL",
    "Train accuracy": 88.87333333333333,
    "Sparsity": 76.65816326530611
}