{
    "settings": {
        "max_iters": 10000000.0,
        "max_oracles": 100000.0,
        "ops_weighting": [
            1,
            1,
            4
        ],
        "oracle termination": true,
        "eg": 1e-08,
        "e_act": 0.0001,
        "acc": 0.5,
        "alpha0": 1,
        "rho": 0.2,
        "LS factor": 0.5
    },
    "name": "NewtonCGAlt",
    "ops": [
        [
            0,
            0,
            0
        ],
        [
            2,
            1,
            0
        ],
        [
            7,
            2,
            0
        ],
        [
            10,
            3,
            0
        ],
        [
            14,
            4,
            0
        ],
        [
            17,
            5,
            0
        ],
        [
            21,
            6,
            0
        ],
        [
            23,
            7,
            0
        ],
        [
            27,
            8,
            0
        ],
        [
            29,
            9,
            0
        ],
        [
            33,
            10,
            0
        ],
        [
            35,
            11,
            0
        ],
        [
            39,
            12,
            0
        ],
        [
            40,
            13,
            0
        ],
        [
            43,
            14,
            0
        ],
        [
            46,
            15,
            0
        ],
        [
            49,
            16,
            0
        ],
        [
            52,
            17,
            0
        ],
        [
            54,
            18,
            0
        ],
        [
            58,
            19,
            0
        ],
        [
            59,
            20,
            0
        ],
        [
            60,
            21,
            0
        ],
        [
            61,
            22,
            0
        ],
        [
            65,
            23,
            0
        ],
        [
            66,
            24,
            0
        ],
        [
            69,
            25,
            0
        ],
        [
            70,
            26,
            0
        ],
        [
            74,
            27,
            0
        ],
        [
            75,
            28,
            0
        ],
        [
            79,
            29,
            0
        ],
        [
            80,
            30,
            0
        ],
        [
            83,
            31,
            0
        ],
        [
            85,
            32,
            0
        ],
        [
            88,
            33,
            0
        ],
        [
            89,
            34,
            0
        ],
        [
            93,
            35,
            0
        ],
        [
            94,
            36,
            0
        ],
        [
            98,
            37,
            0
        ],
        [
            99,
            38,
            0
        ],
        [
            103,
            39,
            0
        ],
        [
            104,
            40,
            0
        ],
        [
            108,
            41,
            0
        ],
        [
            109,
            42,
            0
        ],
        [
            113,
            43,
            0
        ],
        [
            114,
            44,
            0
        ],
        [
            118,
            45,
            0
        ],
        [
            119,
            46,
            0
        ],
        [
            123,
            47,
            0
        ],
        [
            125,
            48,
            0
        ],
        [
            127,
            49,
            0
        ],
        [
            130,
            50,
            0
        ],
        [
            131,
            51,
            0
        ],
        [
            133,
            52,
            0
        ],
        [
            135,
            53,
            0
        ],
        [
            138,
            54,
            0
        ],
        [
            139,
            55,
            0
        ],
        [
            141,
            56,
            0
        ],
        [
            143,
            57,
            0
        ],
        [
            146,
            58,
            0
        ],
        [
            147,
            59,
            0
        ],
        [
            148,
            60,
            0
        ],
        [
            151,
            61,
            0
        ],
        [
            152,
            62,
            0
        ],
        [
            155,
            63,
            0
        ],
        [
            156,
            64,
            0
        ],
        [
            157,
            65,
            0
        ],
        [
            159,
            66,
            0
        ],
        [
            162,
            67,
            0
        ],
        [
            163,
            68,
            0
        ],
        [
            164,
            69,
            0
        ],
        [
            167,
            70,
            0
        ],
        [
            168,
            71,
            0
        ],
        [
            169,
            72,
            0
        ],
        [
            171,
            73,
            0
        ],
        [
            173,
            74,
            0
        ],
        [
            175,
            75,
            0
        ],
        [
            177,
            76,
            0
        ],
        [
            178,
            77,
            0
        ],
        [
            181,
            78,
            0
        ],
        [
            182,
            79,
            0
        ],
        [
            183,
            80,
            0
        ],
        [
            186,
            81,
            0
        ],
        [
            187,
            82,
            0
        ],
        [
            188,
            83,
            0
        ],
        [
            190,
            84,
            0
        ],
        [
            192,
            85,
            0
        ],
        [
            194,
            86,
            0
        ],
        [
            196,
            87,
            0
        ],
        [
            198,
            88,
            0
        ],
        [
            199,
            89,
            0
        ],
        [
            202,
            90,
            0
        ],
        [
            203,
            91,
            0
        ],
        [
            205,
            92,
            138
        ],
        [
            208,
            93,
            138
        ],
        [
            209,
            94,
            138
        ],
        [
            211,
            95,
            138
        ],
        [
            214,
            96,
            138
        ],
        [
            215,
            97,
            138
        ],
        [
            216,
            98,
            138
        ],
        [
            218,
            99,
            138
        ],
        [
            220,
            100,
            138
        ],
        [
            221,
            101,
            138
        ],
        [
            224,
            102,
            138
        ],
        [
            225,
            103,
            138
        ],
        [
            226,
            104,
            138
        ],
        [
            227,
            105,
            138
        ],
        [
            229,
            106,
            138
        ],
        [
            230,
            107,
            138
        ],
        [
            233,
            108,
            138
        ],
        [
            234,
            109,
            138
        ],
        [
            235,
            110,
            138
        ],
        [
            237,
            111,
            138
        ],
        [
            238,
            112,
            138
        ],
        [
            240,
            113,
            138
        ],
        [
            241,
            114,
            138
        ],
        [
            244,
            115,
            138
        ],
        [
            245,
            116,
            138
        ],
        [
            246,
            117,
            138
        ],
        [
            248,
            118,
            138
        ],
        [
            249,
            119,
            138
        ],
        [
            251,
            120,
            138
        ],
        [
            252,
            121,
            138
        ],
        [
            254,
            122,
            138
        ],
        [
            255,
            123,
            138
        ],
        [
            257,
            124,
            138
        ],
        [
            258,
            125,
            138
        ],
        [
            260,
            126,
            138
        ],
        [
            261,
            127,
            138
        ],
        [
            263,
            128,
            138
        ],
        [
            264,
            129,
            138
        ],
        [
            265,
            130,
            138
        ],
        [
            267,
            131,
            138
        ],
        [
            268,
            132,
            138
        ],
        [
            269,
            133,
            138
        ],
        [
            271,
            134,
            138
        ],
        [
            272,
            135,
            138
        ],
        [
            273,
            136,
            138
        ],
        [
            275,
            137,
            138
        ],
        [
            276,
            138,
            138
        ],
        [
            278,
            139,
            138
        ],
        [
            279,
            140,
            138
        ],
        [
            280,
            141,
            138
        ],
        [
            281,
            142,
            138
        ],
        [
            283,
            143,
            138
        ],
        [
            284,
            144,
            138
        ],
        [
            285,
            145,
            138
        ],
        [
            287,
            146,
            138
        ],
        [
            288,
            147,
            138
        ],
        [
            289,
            148,
            138
        ],
        [
            291,
            149,
            138
        ],
        [
            292,
            150,
            138
        ],
        [
            293,
            151,
            138
        ],
        [
            294,
            152,
            138
        ],
        [
            296,
            153,
            138
        ],
        [
            297,
            154,
            138
        ],
        [
            298,
            155,
            138
        ],
        [
            300,
            156,
            138
        ],
        [
            301,
            157,
            138
        ],
        [
            302,
            158,
            138
        ],
        [
            303,
            159,
            138
        ],
        [
            305,
            160,
            138
        ],
        [
            306,
            161,
            138
        ],
        [
            307,
            162,
            138
        ],
        [
            308,
            163,
            138
        ],
        [
            309,
            164,
            138
        ],
        [
            311,
            165,
            138
        ],
        [
            312,
            166,
            138
        ],
        [
            313,
            167,
            138
        ],
        [
            314,
            168,
            138
        ],
        [
            316,
            169,
            138
        ],
        [
            317,
            170,
            138
        ],
        [
            319,
            171,
            251
        ],
        [
            322,
            172,
            251
        ],
        [
            323,
            173,
            251
        ],
        [
            325,
            174,
            251
        ],
        [
            326,
            175,
            251
        ],
        [
            328,
            176,
            251
        ],
        [
            329,
            177,
            251
        ],
        [
            330,
            178,
            251
        ],
        [
            332,
            179,
            251
        ],
        [
            333,
            180,
            251
        ],
        [
            334,
            181,
            251
        ],
        [
            338,
            182,
            352
        ],
        [
            341,
            183,
            352
        ],
        [
            342,
            184,
            352
        ],
        [
            344,
            185,
            352
        ],
        [
            345,
            186,
            352
        ],
        [
            346,
            187,
            352
        ],
        [
            348,
            188,
            352
        ],
        [
            349,
            189,
            352
        ],
        [
            353,
            190,
            456
        ],
        [
            356,
            191,
            456
        ],
        [
            358,
            192,
            456
        ],
        [
            359,
            193,
            456
        ],
        [
            360,
            194,
            456
        ],
        [
            361,
            195,
            456
        ],
        [
            362,
            196,
            456
        ],
        [
            364,
            197,
            553
        ],
        [
            366,
            198,
            553
        ],
        [
            367,
            199,
            553
        ],
        [
            368,
            200,
            642
        ],
        [
            370,
            201,
            642
        ],
        [
            371,
            202,
            642
        ],
        [
            372,
            203,
            642
        ],
        [
            376,
            204,
            734
        ],
        [
            378,
            205,
            734
        ],
        [
            379,
            206,
            734
        ],
        [
            380,
            207,
            734
        ],
        [
            381,
            208,
            734
        ],
        [
            382,
            209,
            822
        ],
        [
            384,
            210,
            822
        ],
        [
            385,
            211,
            822
        ],
        [
            386,
            212,
            904
        ],
        [
            387,
            213,
            1000
        ],
        [
            388,
            214,
            1091
        ],
        [
            389,
            215,
            1179
        ],
        [
            390,
            216,
            1261
        ],
        [
            391,
            217,
            1338
        ],
        [
            392,
            218,
            1410
        ],
        [
            393,
            219,
            1476
        ],
        [
            394,
            220,
            1540
        ],
        [
            395,
            221,
            1601
        ],
        [
            396,
            222,
            1656
        ],
        [
            397,
            223,
            1711
        ],
        [
            398,
            224,
            1763
        ],
        [
            399,
            225,
            1811
        ],
        [
            400,
            226,
            1856
        ],
        [
            401,
            227,
            1900
        ]
    ],
    "t": [
        3.0994415283203125e-06,
        0.006476163864135742,
        0.016317367553710938,
        0.02364969253540039,
        0.032199859619140625,
        0.03946805000305176,
        0.04799509048461914,
        0.05400586128234863,
        0.06249737739562988,
        0.06855249404907227,
        0.07707476615905762,
        0.08324480056762695,
        0.09194588661193848,
        0.09673523902893066,
        0.10404610633850098,
        0.11131739616394043,
        0.11858773231506348,
        0.1259019374847412,
        0.13192963600158691,
        0.14041543006896973,
        0.14523077011108398,
        0.1500382423400879,
        0.15486478805541992,
        0.16334795951843262,
        0.1681520938873291,
        0.17542338371276855,
        0.1802353858947754,
        0.1888751983642578,
        0.19370341300964355,
        0.20223236083984375,
        0.20705533027648926,
        0.21430683135986328,
        0.2203388214111328,
        0.22766613960266113,
        0.23247313499450684,
        0.24098730087280273,
        0.24576997756958008,
        0.25426650047302246,
        0.2590627670288086,
        0.2675445079803467,
        0.27239155769348145,
        0.28107619285583496,
        0.28594303131103516,
        0.2946469783782959,
        0.29952073097229004,
        0.308215856552124,
        0.31309008598327637,
        0.32176995277404785,
        0.3278989791870117,
        0.33403873443603516,
        0.3414323329925537,
        0.34631943702697754,
        0.3524763584136963,
        0.35864734649658203,
        0.3661043643951416,
        0.37099432945251465,
        0.37711524963378906,
        0.38324809074401855,
        0.3907139301300049,
        0.395599365234375,
        0.40044617652893066,
        0.4078330993652344,
        0.41266608238220215,
        0.41999125480651855,
        0.4248483180999756,
        0.42964673042297363,
        0.4356999397277832,
        0.4429464340209961,
        0.44773006439208984,
        0.45252013206481934,
        0.45980405807495117,
        0.4646289348602295,
        0.4695308208465576,
        0.475679874420166,
        0.4818277359008789,
        0.48798084259033203,
        0.4941222667694092,
        0.49899792671203613,
        0.5064103603363037,
        0.5112993717193604,
        0.5161857604980469,
        0.5235981941223145,
        0.5285120010375977,
        0.5334069728851318,
        0.5395598411560059,
        0.5457174777984619,
        0.5518715381622314,
        0.5580182075500488,
        0.5641529560089111,
        0.5690450668334961,
        0.5764651298522949,
        0.5813448429107666,
        1.2669198513031006,
        1.2742104530334473,
        1.2790074348449707,
        1.285027265548706,
        1.2923028469085693,
        1.297102689743042,
        1.301924467086792,
        1.3079936504364014,
        1.3140451908111572,
        1.3188211917877197,
        1.3260762691497803,
        1.3309037685394287,
        1.3356997966766357,
        1.3404829502105713,
        1.3465149402618408,
        1.3513355255126953,
        1.3586325645446777,
        1.3634305000305176,
        1.3682222366333008,
        1.3742609024047852,
        1.379040002822876,
        1.3850524425506592,
        1.3898444175720215,
        1.3971319198608398,
        1.4019289016723633,
        1.4067645072937012,
        1.4129207134246826,
        1.4177970886230469,
        1.4239041805267334,
        1.4287211894989014,
        1.4347949028015137,
        1.4396121501922607,
        1.4456613063812256,
        1.450498342514038,
        1.4565849304199219,
        1.4613869190216064,
        1.4675040245056152,
        1.4723150730133057,
        1.4771087169647217,
        1.4831249713897705,
        1.487907886505127,
        1.4926857948303223,
        1.498779058456421,
        1.5035600662231445,
        1.508359670639038,
        1.5144202709197998,
        1.519216537475586,
        1.5252363681793213,
        1.5300168991088867,
        1.534813642501831,
        1.539595127105713,
        1.545642614364624,
        1.5504412651062012,
        1.5552411079406738,
        1.5612590312957764,
        1.5660793781280518,
        1.5708935260772705,
        1.576916217803955,
        1.5816888809204102,
        1.586477279663086,
        1.59128737449646,
        1.5973601341247559,
        1.6021807193756104,
        1.6069574356079102,
        1.613074541091919,
        1.6178584098815918,
        1.622631311416626,
        1.6274340152740479,
        1.6335256099700928,
        1.6383976936340332,
        1.6432688236236572,
        1.6481435298919678,
        1.6530277729034424,
        1.6591660976409912,
        1.6640219688415527,
        1.6688895225524902,
        1.6737661361694336,
        1.679866075515747,
        1.6846718788146973,
        2.246979236602783,
        2.2542412281036377,
        2.2590315341949463,
        2.2650365829467773,
        2.2698824405670166,
        2.276020050048828,
        2.280857801437378,
        2.285745859146118,
        2.291869878768921,
        2.296729564666748,
        2.301624059677124,
        2.8084664344787598,
        2.816023111343384,
        2.8209316730499268,
        2.8271355628967285,
        2.8320534229278564,
        2.836980104446411,
        2.8431668281555176,
        2.8480911254882812,
        3.369990348815918,
        3.3774235248565674,
        3.383587121963501,
        3.3884546756744385,
        3.393353223800659,
        3.398280143737793,
        3.40311598777771,
        3.887972831726074,
        3.8940651416778564,
        3.8989179134368896,
        4.3423497676849365,
        4.3485167026519775,
        4.353412389755249,
        4.358317852020264,
        4.8209452629089355,
        4.827093839645386,
        4.831967115402222,
        4.836835622787476,
        4.841728687286377,
        5.281008005142212,
        5.287209987640381,
        5.2920942306518555,
        5.701355695724487,
        6.179282903671265,
        6.63248872756958,
        7.071209192276001,
        7.479828596115112,
        7.863990545272827,
        8.223536014556885,
        8.553278684616089,
        8.873908758163452,
        9.179804801940918,
        9.456201076507568,
        9.732749938964844,
        9.995311260223389,
        10.236458539962769,
        10.462870359420776,
        10.684378623962402
    ],
    "alpha": [
        0.5,
        0.0625,
        0.25,
        0.125,
        0.25,
        0.125,
        0.5,
        0.125,
        0.5,
        0.125,
        0.5,
        0.125,
        1,
        0.25,
        0.25,
        0.25,
        0.25,
        0.5,
        0.125,
        1,
        1,
        1,
        0.125,
        1,
        0.25,
        1,
        0.125,
        1,
        0.125,
        1,
        0.25,
        0.5,
        0.25,
        1,
        0.125,
        1,
        0.125,
        1,
        0.125,
        1,
        0.125,
        1,
        0.125,
        1,
        0.125,
        1,
        0.125,
        0.5,
        0.5,
        0.25,
        1,
        0.5,
        0.5,
        0.25,
        1,
        0.5,
        0.5,
        0.25,
        1,
        1,
        0.25,
        1,
        0.25,
        1,
        1,
        0.5,
        0.25,
        1,
        1,
        0.25,
        1,
        1,
        0.5,
        0.5,
        0.5,
        0.5,
        1,
        0.25,
        1,
        1,
        0.25,
        1,
        1,
        0.5,
        0.5,
        0.5,
        0.5,
        0.5,
        1,
        0.25,
        1,
        0.5,
        0.25,
        1,
        0.5,
        0.25,
        1,
        1,
        0.5,
        0.5,
        1,
        0.25,
        1,
        1,
        1,
        0.5,
        1,
        0.25,
        1,
        1,
        0.5,
        1,
        0.5,
        1,
        0.25,
        1,
        1,
        0.5,
        1,
        0.5,
        1,
        0.5,
        1,
        0.5,
        1,
        0.5,
        1,
        0.5,
        1,
        1,
        0.5,
        1,
        1,
        0.5,
        1,
        1,
        0.5,
        1,
        0.5,
        1,
        1,
        1,
        0.5,
        1,
        1,
        0.5,
        1,
        1,
        0.5,
        1,
        1,
        1,
        0.5,
        1,
        1,
        0.5,
        1,
        1,
        1,
        0.5,
        1,
        1,
        1,
        1,
        0.5,
        1,
        1,
        1,
        0.5,
        1,
        0.5,
        0.25,
        1,
        0.5,
        1,
        0.5,
        1,
        1,
        0.5,
        1,
        1,
        0.125,
        0.25,
        1,
        0.5,
        1,
        1,
        0.5,
        1,
        0.125,
        0.25,
        0.5,
        1,
        1,
        1,
        1,
        0.5,
        0.5,
        1,
        1,
        0.5,
        1,
        1,
        0.125,
        0.5,
        1,
        1,
        1,
        1,
        0.5,
        1,
        1,
        1,
        1,
        1,
        1,
        1,
        1,
        1,
        1,
        1,
        1,
        1,
        1,
        1,
        1,
        1,
        null
    ],
    "Dtype": [
        "GRAD",
        "GRAD",
        "GRAD",
        "GRAD",
        "GRAD",
        "GRAD",
        "GRAD",
        "GRAD",
        "GRAD",
        "GRAD",
        "GRAD",
        "GRAD",
        "GRAD",
        "GRAD",
        "GRAD",
        "GRAD",
        "GRAD",
        "GRAD",
        "GRAD",
        "GRAD",
        "GRAD",
        "GRAD",
        "GRAD",
        "GRAD",
        "GRAD",
        "GRAD",
        "GRAD",
        "GRAD",
        "GRAD",
        "GRAD",
        "GRAD",
        "GRAD",
        "GRAD",
        "GRAD",
        "GRAD",
        "GRAD",
        "GRAD",
        "GRAD",
        "GRAD",
        "GRAD",
        "GRAD",
        "GRAD",
        "GRAD",
        "GRAD",
        "GRAD",
        "GRAD",
        "GRAD",
        "GRAD",
        "GRAD",
        "GRAD",
        "GRAD",
        "GRAD",
        "GRAD",
        "GRAD",
        "GRAD",
        "GRAD",
        "GRAD",
        "GRAD",
        "GRAD",
        "GRAD",
        "GRAD",
        "GRAD",
        "GRAD",
        "GRAD",
        "GRAD",
        "GRAD",
        "GRAD",
        "GRAD",
        "GRAD",
        "GRAD",
        "GRAD",
        "GRAD",
        "GRAD",
        "GRAD",
        "GRAD",
        "GRAD",
        "GRAD",
        "GRAD",
        "GRAD",
        "GRAD",
        "GRAD",
        "GRAD",
        "GRAD",
        "GRAD",
        "GRAD",
        "GRAD",
        "GRAD",
        "GRAD",
        "GRAD",
        "GRAD",
        "GRAD",
        "SOL",
        "GRAD",
        "GRAD",
        "GRAD",
        "GRAD",
        "GRAD",
        "GRAD",
        "GRAD",
        "GRAD",
        "GRAD",
        "GRAD",
        "GRAD",
        "GRAD",
        "GRAD",
        "GRAD",
        "GRAD",
        "GRAD",
        "GRAD",
        "GRAD",
        "GRAD",
        "GRAD",
        "GRAD",
        "GRAD",
        "GRAD",
        "GRAD",
        "GRAD",
        "GRAD",
        "GRAD",
        "GRAD",
        "GRAD",
        "GRAD",
        "GRAD",
        "GRAD",
        "GRAD",
        "GRAD",
        "GRAD",
        "GRAD",
        "GRAD",
        "GRAD",
        "GRAD",
        "GRAD",
        "GRAD",
        "GRAD",
        "GRAD",
        "GRAD",
        "GRAD",
        "GRAD",
        "GRAD",
        "GRAD",
        "GRAD",
        "GRAD",
        "GRAD",
        "GRAD",
        "GRAD",
        "GRAD",
        "GRAD",
        "GRAD",
        "GRAD",
        "GRAD",
        "GRAD",
        "GRAD",
        "GRAD",
        "GRAD",
        "GRAD",
        "GRAD",
        "GRAD",
        "GRAD",
        "GRAD",
        "GRAD",
        "GRAD",
        "GRAD",
        "GRAD",
        "GRAD",
        "GRAD",
        "GRAD",
        "GRAD",
        "GRAD",
        "GRAD",
        "GRAD",
        "SOL",
        "GRAD",
        "GRAD",
        "GRAD",
        "GRAD",
        "GRAD",
        "GRAD",
        "GRAD",
        "GRAD",
        "GRAD",
        "GRAD",
        "SOL",
        "GRAD",
        "GRAD",
        "GRAD",
        "GRAD",
        "GRAD",
        "GRAD",
        "GRAD",
        "SOL",
        "GRAD",
        "GRAD",
        "GRAD",
        "GRAD",
        "GRAD",
        "GRAD",
        "SOL",
        "GRAD",
        "GRAD",
        "SOL",
        "GRAD",
        "GRAD",
        "GRAD",
        "SOL",
        "GRAD",
        "GRAD",
        "GRAD",
        "GRAD",
        "SOL",
        "GRAD",
        "GRAD",
        "SOL",
        "SOL",
        "SOL",
        "SOL",
        "SOL",
        "SOL",
        "SOL",
        "SOL",
        "SOL",
        "SOL",
        "SOL",
        "SOL",
        "SOL",
        "SOL",
        "SOL",
        "SOL",
        null
    ],
    "f": [
        0.6931471805599451,
        0.5763063183106688,
        0.5453800163324589,
        0.5170630125315143,
        0.5036263656787799,
        0.48608430919173806,
        0.4763796559530901,
        0.4549445939797817,
        0.44679270073024596,
        0.4344382774382579,
        0.4277612624865311,
        0.41840173793645286,
        0.41429058274906744,
        0.3996359562307832,
        0.3968447374085386,
        0.394366008496863,
        0.3920148183021037,
        0.3898474491883022,
        0.3870368454708499,
        0.3850863217636636,
        0.37874746140792814,
        0.37394180108147945,
        0.37110169549095906,
        0.36966319306221607,
        0.36647667966130015,
        0.3656562929397701,
        0.36386710197334005,
        0.3627834114983167,
        0.3608884466135747,
        0.36020784686652174,
        0.3584337793462738,
        0.35780745456763074,
        0.35703599299825506,
        0.35650230127383686,
        0.35527588386350445,
        0.3547920009187513,
        0.35378417012157976,
        0.35324802177215275,
        0.3522434916578797,
        0.35183413642449535,
        0.3510033639399516,
        0.3505805985616693,
        0.3497898475364001,
        0.3494170972424876,
        0.34874265360656126,
        0.34837147944607166,
        0.3477463762382488,
        0.34739887261027397,
        0.34698474732482,
        0.34662254574336526,
        0.34636217441702416,
        0.3456558785712117,
        0.3453251758524601,
        0.3450146157062821,
        0.3447747310554761,
        0.3441582446674243,
        0.34386788598271406,
        0.34359069118220387,
        0.3433832409726244,
        0.3428273061883296,
        0.3424398529719433,
        0.3421712811583582,
        0.34171282314652685,
        0.3415203204072611,
        0.3410439406897856,
        0.3406284504869211,
        0.3404216456754787,
        0.3402597885675419,
        0.3398405545362384,
        0.33948675612875473,
        0.3393316807735837,
        0.3389460476558448,
        0.3385983092916417,
        0.3384156708409864,
        0.3382396171524068,
        0.338064086963964,
        0.3378933198845951,
        0.33766223269315687,
        0.33748058923378776,
        0.33716135666540015,
        0.3369473980385621,
        0.3367774513698962,
        0.33647591990096515,
        0.3362201014017164,
        0.3360788071783787,
        0.3359357539189646,
        0.3357977058752423,
        0.3356586862441511,
        0.3355239758309991,
        0.33534216732025796,
        0.33519824351754046,
        0.33494116447927746,
        0.3278050354365136,
        0.32662479797306637,
        0.3256351540411953,
        0.32537025770899547,
        0.3252005508202341,
        0.3248221476959021,
        0.3245564803598821,
        0.32443734941720853,
        0.3243272190599634,
        0.3241876691040557,
        0.32408325882110395,
        0.3239150740496786,
        0.3237700417454687,
        0.32364875462915116,
        0.32358331910715654,
        0.3234953827169941,
        0.32344478442253327,
        0.32334624240415966,
        0.32326141248011386,
        0.32321130148714006,
        0.323137017643745,
        0.3230875225532226,
        0.32302321298237124,
        0.32298518337655163,
        0.3229107760100257,
        0.3228459485993747,
        0.3228040955282516,
        0.3227437991467974,
        0.322703890140931,
        0.3226485453665687,
        0.32261004509531527,
        0.322556861405357,
        0.32252019343279265,
        0.3224686414854782,
        0.3224347883261178,
        0.32238442276994717,
        0.32235392381330086,
        0.3223038669838702,
        0.3222596855966168,
        0.32222797631777716,
        0.32218201901712057,
        0.3221405120608433,
        0.32211117210411055,
        0.32206862379759094,
        0.3220334126662981,
        0.32200078053383085,
        0.3219613896408531,
        0.3219354076924483,
        0.32189495504305,
        0.32185680730145744,
        0.32182470912208283,
        0.3217960110063546,
        0.3217599045316304,
        0.3217273644233383,
        0.32170275550509153,
        0.3216679834124843,
        0.32163731723236366,
        0.3216135187445086,
        0.32158018302845803,
        0.3215486269032348,
        0.32152105226476674,
        0.3214971370037123,
        0.32146607809259126,
        0.321437078474832,
        0.32141745176715636,
        0.32138706511975035,
        0.32135805511068316,
        0.3213309302548087,
        0.32131269402248597,
        0.32128434391532046,
        0.3212569622419946,
        0.321230895739418,
        0.32120772924318935,
        0.32118856788056077,
        0.3211627914490193,
        0.3211379692027126,
        0.3211147735038558,
        0.32109843505431346,
        0.32107385159376806,
        0.31959779521352183,
        0.31946238899693097,
        0.3193762093058763,
        0.31933866256956617,
        0.3192939814491509,
        0.3192656557156219,
        0.31923147999557644,
        0.31920479572947225,
        0.31918644294517273,
        0.31916275532091154,
        0.3191422815026579,
        0.31904025507693706,
        0.3189539921639111,
        0.3189151357396296,
        0.3189012519623588,
        0.3188864612960537,
        0.31887529523323455,
        0.3188672451549977,
        0.31885782379564026,
        0.31877978931761825,
        0.3187385823583635,
        0.3187246037801765,
        0.31871371574078433,
        0.31870649527579686,
        0.3187003655380244,
        0.31869495394363906,
        0.318469457672316,
        0.3184603593248238,
        0.31845066595102545,
        0.31837415407998026,
        0.3183574463537655,
        0.3183458194859735,
        0.31833824024330415,
        0.31832492498778275,
        0.3183222155730668,
        0.31831987375707754,
        0.3183179535446626,
        0.3183163976833172,
        0.3182918014645059,
        0.31828896205839546,
        0.3182886547072984,
        0.31828668249751474,
        0.3182865333873577,
        0.3182864826347612,
        0.31828646365656454,
        0.3182864562713765,
        0.31828645333230765,
        0.31828645214596174,
        0.3182864516624211,
        0.3182864514639245,
        0.3182864513819884,
        0.31828645134801514,
        0.31828645133387634,
        0.3182864513279736,
        0.3182864513255026,
        0.3182864513244658,
        0.3182864513240299
    ],
    "inactive_grad_norm": [
        0.0,
        0.7466607638526237,
        0.4052146924069546,
        0.4123416541171482,
        0.3382806779733844,
        0.33854226899865264,
        0.26488265155311425,
        0.3334800618092728,
        0.2277415012641552,
        0.3075963464474272,
        0.1866836687179692,
        0.22612572144449478,
        0.14236537470635954,
        0.13647484130771995,
        0.13240283444550568,
        0.12885872912538354,
        0.11641551266352357,
        0.10872385394165462,
        0.15444808659987633,
        0.0874949190085275,
        0.07184671917894471,
        0.06851123297151379,
        0.13048426875545407,
        0.0648755446540057,
        0.06907288734660781,
        0.05791955358794264,
        0.11149987064466826,
        0.05620601296602154,
        0.08677054175006238,
        0.04887568861451488,
        0.06633806173913949,
        0.050899181128618666,
        0.057509160518545925,
        0.04416284217998431,
        0.07030071761059098,
        0.042573263945276385,
        0.07691506961325652,
        0.040723531036601236,
        0.06538360511204266,
        0.03838149709078286,
        0.06729046856477533,
        0.03698399734968493,
        0.06262458469665337,
        0.0356820576863743,
        0.06287214845552447,
        0.03447460866033759,
        0.06005075509917681,
        0.033820136531523395,
        0.035171245321282095,
        0.03876571908013371,
        0.02835829615939107,
        0.03160354498402859,
        0.034461032855863064,
        0.037771457771269605,
        0.02682051929541775,
        0.03009338099784174,
        0.03242369753803425,
        0.03445954325362939,
        0.024703255589257817,
        0.026216788798449978,
        0.044535249553026186,
        0.028273054048025097,
        0.03324818951039022,
        0.022691801754178367,
        0.02242338310549861,
        0.028068402167634884,
        0.030888830499933583,
        0.021124370284686264,
        0.021695617980191467,
        0.029286736606795604,
        0.02024673540741955,
        0.019857254078442178,
        0.023247529896431304,
        0.022497182541732993,
        0.022625854617467876,
        0.02182753710174471,
        0.021500440909805147,
        0.03435335032868298,
        0.02083425176668103,
        0.020327077007245335,
        0.03364785170271498,
        0.019270743234493213,
        0.018178572880421087,
        0.023106060079313952,
        0.02350277833526918,
        0.02184257704776695,
        0.02160377283156702,
        0.019819975932938157,
        0.019396259107266247,
        0.02974191979259538,
        0.01738544820039903,
        0.01634227827314247,
        0.06918650663500336,
        0.03768035224704958,
        0.032238086723687845,
        0.03069611080290237,
        0.020559614496819405,
        0.01771069427690374,
        0.018750680652609812,
        0.017522319964158515,
        0.016458815431339573,
        0.02545610882555168,
        0.01346326541413738,
        0.012423618911601195,
        0.012438330485626493,
        0.014255718300212418,
        0.012410703853448807,
        0.016511344018525043,
        0.010293706621300662,
        0.010480650947956752,
        0.012223347268721825,
        0.010409235782056877,
        0.012965830128086924,
        0.010727732634161947,
        0.01410157186150196,
        0.00906034948751467,
        0.009500124982769545,
        0.011484270617486157,
        0.009548559096345579,
        0.011435185418418911,
        0.009290464023887678,
        0.01128490913609294,
        0.009085823620837501,
        0.010860880913421972,
        0.008677166123113172,
        0.010065158775551053,
        0.008104984832754616,
        0.009036941711362316,
        0.007579834061605345,
        0.008070531324350228,
        0.00971178673002435,
        0.00736658118362403,
        0.007976393554671727,
        0.00955236326021422,
        0.007421780366013584,
        0.008225269299891579,
        0.010880710886106343,
        0.007455062723570883,
        0.008481286123124014,
        0.006705205710081771,
        0.007002257662428466,
        0.007733818075574307,
        0.010018357212018963,
        0.006759163410011922,
        0.0073788732435824365,
        0.008734556698593675,
        0.006568134133056833,
        0.007081969628384143,
        0.008470752649225649,
        0.006189372663892943,
        0.006459410685722291,
        0.007110614588896092,
        0.008938041721763091,
        0.006152280819895867,
        0.006497900910464017,
        0.007338529307473844,
        0.0057529388055953526,
        0.005931933562300865,
        0.006291370091899665,
        0.0070195650078158445,
        0.005502832086514596,
        0.0056304153021553265,
        0.00591330304149199,
        0.006397950408831188,
        0.007692486376082484,
        0.005368628578550264,
        0.005530763081454781,
        0.0058813686407341755,
        0.006682377992252925,
        0.005098293933774847,
        0.005173636731045021,
        0.024516470111297324,
        0.012123251473122761,
        0.011090810601722189,
        0.008577640991314694,
        0.009483437772632053,
        0.006691113857581051,
        0.006715940734120371,
        0.007382275442865579,
        0.0050821540057696644,
        0.0048448626886408355,
        0.004691984865929085,
        0.020055177606509374,
        0.008325487250115818,
        0.0069430314630904025,
        0.004560863256278481,
        0.004569885647857761,
        0.0048695209884000055,
        0.0031392936870390637,
        0.0029633383181993846,
        0.014409044870013531,
        0.006464969974259058,
        0.0037001329133038805,
        0.0029081941103500358,
        0.002734218162111909,
        0.00265222800533201,
        0.002599394346421892,
        0.004946961565423645,
        0.0031827468356872774,
        0.00280742365263131,
        0.007059324189705801,
        0.003497974086006336,
        0.0029308755491447157,
        0.00248994710165161,
        0.002736039616044704,
        0.0015560082770078392,
        0.0014150632085470512,
        0.0012643400465864763,
        0.0011678446555656223,
        0.0031989444647611154,
        0.0005207133545100699,
        0.00039866418151853015,
        8.93605750460091e-06,
        4.63394209134246e-06,
        2.764696478752815e-06,
        1.7042582546301393e-06,
        1.0676680202454155e-06,
        6.752791863230138e-07,
        4.2976413742855656e-07,
        2.747098574533232e-07,
        1.7617285283560093e-07,
        1.1327180793883045e-07,
        7.298229586659361e-08,
        4.7106177258963785e-08,
        3.0450181061969684e-08,
        1.9708952628567046e-08,
        1.2770992705220286e-08,
        8.283436502426568e-09
    ],
    "active_min_grad": [
        0.0895407189542484,
        0.06556284920974013,
        0.0008062178218465861,
        0.022365139647146245,
        0.002866416301446567,
        0.018789504586060837,
        0.0016004562643268617,
        0.024900587355824864,
        0.0031329886636034575,
        0.021132084690938763,
        0.002911531974647532,
        0.013800079384380742,
        0.0008324926096899244,
        0.007157036318894877,
        0.004304195617761736,
        0.005231196711520853,
        0.003629821431294448,
        0.003694607084462076,
        0.008214844764938813,
        -0.0,
        -0.0,
        0.001697645719715327,
        0.008432556377404286,
        6.49139561213145e-05,
        0.003278418306472422,
        0.0008806207621364507,
        0.008279156014777876,
        -0.0,
        0.005091315715993327,
        -0.0,
        0.00425367274934232,
        0.0008824656007913032,
        0.0033488273284114616,
        0.0007468041732041867,
        0.005243576300843754,
        9.532950628134834e-06,
        0.0049435489801843745,
        7.936606051340677e-06,
        0.004878680211484583,
        8.315955798504767e-05,
        0.0043415033173907665,
        7.657549894897519e-05,
        0.0047627828787184115,
        0.00023151284011355285,
        0.004085090223929924,
        0.00017977515086982257,
        0.004723024164020618,
        0.00023515490991737865,
        0.0009385738486732001,
        0.0014129478463752675,
        -0.0,
        0.0008159223903141024,
        0.0013670845373470481,
        0.001963020193637732,
        0.00011427653869857442,
        0.0012741813227200066,
        0.0013014443561786822,
        0.001866098556549508,
        5.258054862816979e-05,
        0.0008047376405543761,
        0.0028858577235314612,
        0.00035369407951210794,
        0.001692568927367328,
        9.724124446495877e-05,
        0.00021141938683659858,
        0.0016701741556355036,
        0.0013635748324706855,
        -0.0,
        0.00043870717538153827,
        0.002012189338835315,
        4.825524202783254e-05,
        0.00016076502289039357,
        0.0010330642280002335,
        0.0010808999490331396,
        0.0009299849899117717,
        0.0010053957948998704,
        0.000841861487156593,
        0.0027417326657526307,
        2.361749494460925e-05,
        0.0006117601044412144,
        0.0022602851788709553,
        -0.0,
        0.0001583488870030873,
        0.001387736464899704,
        0.0008889169991394541,
        0.0011541669289373878,
        0.0007550199246644223,
        0.0009013169504707803,
        0.0005670587408358374,
        0.002272062057051828,
        1.5083563690921134e-06,
        2.2544238425642286e-05,
        0.011550174896299895,
        0.002826466739660966,
        0.0006508134522096615,
        0.0018951174271335082,
        -0.0,
        6.689126776189005e-05,
        0.000424408993540692,
        0.0004428168876161075,
        0.0002918386677305384,
        0.0014443630927604778,
        -0.0,
        4.191883547663162e-06,
        0.000288798514937438,
        0.000549412552745444,
        0.000506404104947357,
        0.0008906183284915644,
        6.349125261214945e-05,
        -0.0,
        0.0004304768631732186,
        -0.0,
        0.0005399701257861836,
        -0.0,
        0.000696171921864332,
        6.806735897046099e-05,
        -0.0,
        0.00042901182363487013,
        -0.0,
        0.0005300569122819922,
        -0.0,
        0.0005405203174495396,
        -0.0,
        0.0004984459704339657,
        -0.0,
        0.00041045061871473215,
        -0.0,
        0.00027900229620892066,
        -0.0,
        0.0001639241954208108,
        0.0004123539828596479,
        7.475249299259464e-05,
        0.00014657969590572387,
        0.00043683988770930196,
        -0.0,
        0.0002765745421893424,
        0.0005090298476712206,
        0.00017018462471584403,
        0.0002154723827042463,
        8.171024571961743e-05,
        4.666598885579411e-05,
        0.00028240919190171496,
        0.0003983171067664577,
        0.0001515079012441474,
        0.00011505472380369196,
        0.00047706072251689534,
        -0.0,
        0.0002562256578519911,
        0.0002362060527831961,
        0.0001310790707015259,
        2.628591687162704e-05,
        0.0003148699880959956,
        0.0003587976752622141,
        0.00014438825505549242,
        7.083885179462977e-05,
        0.0003651335268977664,
        0.0,
        0.0001610194214551118,
        7.201001390702826e-05,
        0.0003456323468915383,
        0.0,
        0.0001348887063124071,
        1.8282201616318366e-05,
        0.00027814346995111276,
        0.0002709700517982377,
        0.0001122439854499258,
        -0.0,
        0.00023300739414335437,
        0.00016995745372761894,
        8.211320080084598e-05,
        0.0,
        0.0028769129129028945,
        0.0002822088282627463,
        0.0010308012417660135,
        4.6096651191814475e-05,
        0.0005003795096168457,
        -0.0,
        0.0002026137457866368,
        0.0003147352057814672,
        0.0,
        -0.0,
        3.225349703474701e-05,
        0.0032998673717493515,
        8.73437644574222e-05,
        0.0005094249401501184,
        4.339084525287196e-05,
        0.0002425786988740422,
        0.00019554188212707888,
        3.7693881854618944e-06,
        0.0,
        0.001510318014222062,
        5.0210484059192003e-05,
        0.00012213018188324677,
        1.6105690720560157e-05,
        7.7424451592797e-05,
        1.7093513010547814e-05,
        7.954159029081994e-05,
        0.0003814242996747373,
        0.00020796454884557765,
        3.881671612626148e-05,
        0.0008932224104806815,
        0.0003646837395256128,
        3.820661627914148e-05,
        4.875574292923543e-05,
        0.0001821062731024428,
        0.0001323685431715931,
        0.00010155157041027854,
        2.40842229846318e-05,
        7.066098337367779e-06,
        0.00022036296310887866,
        1.4884961922858372e-06,
        2.5080152499649434e-05,
        2.7078263790883926e-05,
        2.73474548936419e-05,
        2.74334399868422e-05,
        2.7451656328595156e-05,
        2.7451856619147962e-05,
        2.7448248596104e-05,
        2.7444578076936095e-05,
        2.744166115169113e-05,
        2.7439524100763418e-05,
        2.7438016950522654e-05,
        2.743697508570341e-05,
        2.743626407198372e-05,
        2.743578313203635e-05,
        2.7435459837149827e-05,
        2.7435243571148193e-05,
        2.7435099430188608e-05
    ],
    "active_gx_norm": [
        0.0,
        1.3832675949059398e-07,
        1.9237334967958335e-06,
        1.9786032282729016e-06,
        2.0907845670658504e-06,
        1.7207387087441715e-06,
        9.882326371977073e-07,
        2.7297561195138448e-06,
        6.982099070989697e-07,
        1.7262610308332816e-06,
        1.1054671519610908e-06,
        3.5079222671209664e-07,
        1.1898951938678978e-06,
        7.039772566020418e-07,
        3.436277710063409e-07,
        1.0208518012680307e-06,
        8.024464408049952e-07,
        8.213460534031624e-07,
        3.325392758037421e-07,
        7.914299690399572e-07,
        3.97653503782802e-08,
        1.1671712476571638e-07,
        3.593915840861948e-07,
        6.627651714549192e-07,
        1.3260144762037343e-07,
        4.6974552602958687e-07,
        6.823650808778301e-07,
        5.044821184257867e-07,
        1.9683861212766783e-07,
        5.59183568799305e-07,
        6.069050451851977e-07,
        1.1933806152747133e-06,
        6.128178426973163e-07,
        6.005083619357618e-07,
        3.909252820690426e-07,
        5.2746908551919e-07,
        8.983799092916492e-08,
        6.857041541756477e-07,
        5.519567602928456e-07,
        5.501447247879899e-07,
        5.371015952449099e-07,
        6.331872111716112e-07,
        4.3231004695206434e-07,
        5.502766853947428e-07,
        2.2162572189701514e-07,
        6.144020446158134e-07,
        6.26293407539071e-07,
        4.365439245041973e-07,
        2.7108858077705184e-07,
        5.158737151431841e-07,
        3.113321243174581e-07,
        1.7029140305433997e-08,
        2.081591639001567e-07,
        4.413021669924163e-07,
        3.3331439113643917e-07,
        4.376118706802477e-08,
        1.641969878044913e-07,
        3.4840128318963937e-07,
        2.621523308647397e-07,
        6.589040319630867e-08,
        1.2545160476518688e-07,
        5.222885156297051e-07,
        1.6180947686039907e-07,
        4.7018803582846765e-07,
        2.8081590664884168e-08,
        7.498372398675587e-08,
        2.891451796346527e-07,
        2.7527133828661566e-07,
        7.190460860362543e-08,
        1.5096960730937977e-07,
        2.1971664503354337e-07,
        7.94443356001287e-08,
        1.365312644449724e-07,
        8.683855486108907e-08,
        2.474011230117372e-07,
        8.189288115223271e-08,
        2.518823104363674e-07,
        9.472879896777235e-08,
        5.309513361147467e-07,
        7.445361395128363e-08,
        2.0541383917989634e-07,
        5.93937524405698e-07,
        7.805758357740312e-09,
        0.0,
        4.019894133107334e-07,
        2.6683877548235406e-07,
        2.3708877235264799e-07,
        1.8991811169169563e-07,
        1.134854916153567e-07,
        2.3653466711693497e-07,
        4.578680102147118e-07,
        6.695642051784432e-09,
        1.0648001474630515e-07,
        5.777166635215199e-07,
        1.8727527670690883e-07,
        2.3888442767198406e-07,
        2.168138428078818e-07,
        9.4998126898326e-08,
        4.851408575184766e-08,
        1.25129492763467e-07,
        2.679581184949207e-08,
        1.681057563901575e-07,
        3.7282962722632335e-07,
        4.947613518172253e-08,
        3.12059637092308e-08,
        1.1759954210270028e-07,
        1.2050747985356863e-07,
        4.176294904242204e-08,
        1.4211997224887446e-07,
        6.049222694831292e-08,
        0.0,
        1.1006539758596925e-07,
        5.805847177548016e-10,
        1.675015938988541e-07,
        4.65554816343725e-08,
        8.296946292394346e-08,
        7.682329057291064e-08,
        2.47097550130641e-08,
        1.3039853401455984e-07,
        7.784400939900446e-08,
        1.858024187750147e-07,
        2.0264942540089474e-08,
        1.8928489996287042e-07,
        3.2997347625503817e-09,
        1.5568100360449982e-07,
        4.781817389086929e-08,
        1.1139467362706067e-07,
        0.0,
        8.123123590409199e-08,
        1.2148565543063111e-08,
        1.4849423104091637e-07,
        4.924720175775173e-08,
        3.028141532527132e-08,
        2.99338843872883e-08,
        1.3964427624034364e-07,
        0.0,
        1.5565394863216408e-07,
        1.2477808015468995e-07,
        7.000574889542698e-08,
        2.9129398683516734e-08,
        2.373385173969555e-08,
        1.707119734098242e-08,
        1.1834766827024293e-07,
        1.1745217725601953e-07,
        6.563945215748735e-08,
        5.964474264253019e-08,
        1.273221384354136e-07,
        1.8282843716749346e-08,
        1.4510419237754906e-07,
        6.172995457211161e-08,
        2.6406041873020545e-08,
        4.2010917307701673e-08,
        7.139387814654068e-08,
        6.325188662350993e-08,
        3.7769429000546806e-08,
        4.9358522692494286e-08,
        7.93351334122945e-08,
        1.3945891480678985e-08,
        8.526212661826111e-08,
        4.711213508451357e-08,
        6.909092166346878e-08,
        1.1719795374739272e-08,
        3.243045583650278e-08,
        1.124295593515913e-08,
        9.97922290981437e-08,
        4.893721070276738e-08,
        1.6571999100481934e-08,
        1.1936529825572529e-08,
        8.936610357416516e-08,
        4.2569385000022396e-08,
        4.179785728468668e-09,
        7.798246281267832e-08,
        4.441118831847155e-07,
        1.268934024673777e-07,
        1.0630014023174034e-07,
        1.2132776824738346e-09,
        1.1123123609665929e-07,
        0.0,
        8.925255088803119e-08,
        5.090763760862115e-08,
        1.7786899222848217e-08,
        0.0,
        0.0,
        3.8519117591155245e-07,
        1.3716399139747065e-07,
        4.555502172147784e-08,
        7.454016747840672e-08,
        4.3631558693594876e-08,
        5.7326979524385205e-08,
        4.22838942920541e-09,
        3.381037065845096e-08,
        1.134698816940438e-07,
        1.003625680932487e-07,
        1.8263078278871497e-08,
        2.20522799544697e-08,
        2.3363144853356156e-08,
        1.1502231190214305e-09,
        6.90066066171636e-10,
        3.745681183375879e-08,
        4.520133244719314e-09,
        1.775428754521484e-07,
        5.851325521755014e-08,
        1.0662360664487974e-08,
        6.466410602896286e-09,
        5.5529083217992535e-08,
        1.0112767450601773e-08,
        1.1264517974588387e-08,
        2.7184281226963594e-08,
        6.832470005643531e-10,
        5.0652458832335076e-08,
        2.5422492769142993e-08,
        1.3123095800170052e-09,
        1.0316274251203156e-09,
        1.0313262868714437e-09,
        1.0313401724830945e-09,
        1.0314617393949033e-09,
        1.0315985193861235e-09,
        1.0317135887469366e-09,
        1.031799946197295e-09,
        1.0318610756007347e-09,
        1.0319029476598616e-09,
        1.031931026441472e-09,
        1.0319496091803979e-09,
        1.0319617942881474e-09,
        1.031969739179994e-09,
        1.0319748965449532e-09,
        1.0319782349006704e-09,
        1.0319803933655676e-09
    ],
    "num_active_constraints": [
        1570,
        1091,
        915,
        987,
        969,
        1025,
        988,
        1050,
        971,
        1041,
        971,
        1045,
        991,
        1078,
        1028,
        1011,
        1035,
        1021,
        1053,
        967,
        1077,
        1087,
        1075,
        973,
        1084,
        1067,
        1093,
        1015,
        1089,
        1010,
        1110,
        1071,
        1110,
        1088,
        1127,
        1062,
        1113,
        1035,
        1124,
        1078,
        1125,
        1062,
        1128,
        1084,
        1135,
        1074,
        1142,
        1086,
        1129,
        1146,
        1134,
        1161,
        1145,
        1148,
        1137,
        1170,
        1155,
        1162,
        1151,
        1174,
        1164,
        1118,
        1179,
        1164,
        1186,
        1188,
        1164,
        1169,
        1187,
        1192,
        1169,
        1196,
        1194,
        1192,
        1185,
        1197,
        1192,
        1201,
        1148,
        1206,
        1197,
        1166,
        1208,
        1214,
        1193,
        1209,
        1198,
        1217,
        1203,
        1220,
        1175,
        1215,
        1341,
        1199,
        1159,
        1178,
        1168,
        1191,
        1205,
        1205,
        1210,
        1219,
        1213,
        1231,
        1240,
        1256,
        1249,
        1267,
        1252,
        1266,
        1274,
        1265,
        1274,
        1264,
        1278,
        1266,
        1276,
        1283,
        1271,
        1288,
        1275,
        1291,
        1277,
        1294,
        1281,
        1299,
        1290,
        1301,
        1297,
        1304,
        1302,
        1306,
        1306,
        1307,
        1297,
        1309,
        1300,
        1306,
        1309,
        1311,
        1313,
        1316,
        1304,
        1314,
        1316,
        1318,
        1305,
        1320,
        1312,
        1316,
        1317,
        1322,
        1311,
        1316,
        1318,
        1323,
        1315,
        1323,
        1320,
        1324,
        1318,
        1323,
        1321,
        1327,
        1319,
        1324,
        1325,
        1327,
        1323,
        1327,
        1326,
        1371,
        1255,
        1304,
        1306,
        1324,
        1322,
        1338,
        1337,
        1342,
        1349,
        1349,
        1371,
        1269,
        1314,
        1330,
        1337,
        1347,
        1349,
        1351,
        1368,
        1325,
        1337,
        1361,
        1362,
        1364,
        1364,
        1387,
        1382,
        1381,
        1397,
        1379,
        1369,
        1368,
        1389,
        1389,
        1387,
        1386,
        1385,
        1394,
        1393,
        1394,
        1394,
        1394,
        1394,
        1394,
        1394,
        1394,
        1394,
        1394,
        1394,
        1394,
        1394,
        1394,
        1394,
        1394,
        1394,
        1394
    ],
    "termination flag": "TOL",
    "Train accuracy": 88.88000000000001,
    "Sparsity": 77.29591836734693
}