{
    "settings": {
        "max_iters": 10000000.0,
        "max_oracles": 100000.0,
        "ops_weighting": [
            1,
            1,
            4
        ],
        "oracle termination": true,
        "alpha0": 1,
        "LS factor": 0.5,
        "termination tol": 1e-08
    },
    "name": "FISTA",
    "ops": [
        [
            0,
            0,
            0
        ],
        [
            2,
            1,
            0
        ],
        [
            4,
            2,
            0
        ],
        [
            6,
            3,
            0
        ],
        [
            8,
            4,
            0
        ],
        [
            11,
            5,
            0
        ],
        [
            13,
            6,
            0
        ],
        [
            16,
            7,
            0
        ],
        [
            19,
            8,
            0
        ],
        [
            21,
            9,
            0
        ],
        [
            23,
            10,
            0
        ],
        [
            25,
            11,
            0
        ],
        [
            28,
            12,
            0
        ],
        [
            30,
            13,
            0
        ],
        [
            32,
            14,
            0
        ],
        [
            34,
            15,
            0
        ],
        [
            36,
            16,
            0
        ],
        [
            38,
            17,
            0
        ],
        [
            40,
            18,
            0
        ],
        [
            42,
            19,
            0
        ],
        [
            44,
            20,
            0
        ],
        [
            46,
            21,
            0
        ],
        [
            48,
            22,
            0
        ],
        [
            50,
            23,
            0
        ],
        [
            52,
            24,
            0
        ],
        [
            54,
            25,
            0
        ],
        [
            56,
            26,
            0
        ],
        [
            58,
            27,
            0
        ],
        [
            60,
            28,
            0
        ],
        [
            62,
            29,
            0
        ],
        [
            64,
            30,
            0
        ],
        [
            66,
            31,
            0
        ],
        [
            68,
            32,
            0
        ],
        [
            70,
            33,
            0
        ],
        [
            72,
            34,
            0
        ],
        [
            74,
            35,
            0
        ],
        [
            76,
            36,
            0
        ],
        [
            78,
            37,
            0
        ],
        [
            80,
            38,
            0
        ],
        [
            82,
            39,
            0
        ],
        [
            84,
            40,
            0
        ],
        [
            86,
            41,
            0
        ],
        [
            88,
            42,
            0
        ],
        [
            90,
            43,
            0
        ],
        [
            92,
            44,
            0
        ],
        [
            94,
            45,
            0
        ],
        [
            96,
            46,
            0
        ],
        [
            98,
            47,
            0
        ],
        [
            100,
            48,
            0
        ],
        [
            102,
            49,
            0
        ],
        [
            104,
            50,
            0
        ],
        [
            106,
            51,
            0
        ],
        [
            108,
            52,
            0
        ],
        [
            110,
            53,
            0
        ],
        [
            112,
            54,
            0
        ],
        [
            114,
            55,
            0
        ],
        [
            116,
            56,
            0
        ],
        [
            118,
            57,
            0
        ],
        [
            120,
            58,
            0
        ],
        [
            122,
            59,
            0
        ],
        [
            124,
            60,
            0
        ],
        [
            126,
            61,
            0
        ],
        [
            128,
            62,
            0
        ],
        [
            130,
            63,
            0
        ],
        [
            132,
            64,
            0
        ],
        [
            134,
            65,
            0
        ],
        [
            136,
            66,
            0
        ],
        [
            138,
            67,
            0
        ],
        [
            140,
            68,
            0
        ],
        [
            142,
            69,
            0
        ],
        [
            144,
            70,
            0
        ],
        [
            146,
            71,
            0
        ],
        [
            148,
            72,
            0
        ],
        [
            150,
            73,
            0
        ],
        [
            152,
            74,
            0
        ],
        [
            154,
            75,
            0
        ],
        [
            156,
            76,
            0
        ],
        [
            158,
            77,
            0
        ],
        [
            160,
            78,
            0
        ],
        [
            162,
            79,
            0
        ],
        [
            164,
            80,
            0
        ],
        [
            166,
            81,
            0
        ],
        [
            168,
            82,
            0
        ],
        [
            170,
            83,
            0
        ],
        [
            172,
            84,
            0
        ],
        [
            174,
            85,
            0
        ],
        [
            176,
            86,
            0
        ],
        [
            178,
            87,
            0
        ],
        [
            180,
            88,
            0
        ],
        [
            182,
            89,
            0
        ],
        [
            184,
            90,
            0
        ],
        [
            186,
            91,
            0
        ],
        [
            188,
            92,
            0
        ],
        [
            190,
            93,
            0
        ],
        [
            192,
            94,
            0
        ],
        [
            194,
            95,
            0
        ],
        [
            196,
            96,
            0
        ],
        [
            198,
            97,
            0
        ],
        [
            200,
            98,
            0
        ],
        [
            202,
            99,
            0
        ],
        [
            204,
            100,
            0
        ],
        [
            206,
            101,
            0
        ],
        [
            208,
            102,
            0
        ],
        [
            210,
            103,
            0
        ],
        [
            212,
            104,
            0
        ],
        [
            214,
            105,
            0
        ],
        [
            216,
            106,
            0
        ],
        [
            218,
            107,
            0
        ],
        [
            220,
            108,
            0
        ],
        [
            222,
            109,
            0
        ],
        [
            224,
            110,
            0
        ],
        [
            226,
            111,
            0
        ],
        [
            228,
            112,
            0
        ],
        [
            230,
            113,
            0
        ],
        [
            232,
            114,
            0
        ],
        [
            234,
            115,
            0
        ],
        [
            236,
            116,
            0
        ],
        [
            238,
            117,
            0
        ],
        [
            240,
            118,
            0
        ],
        [
            242,
            119,
            0
        ],
        [
            244,
            120,
            0
        ],
        [
            246,
            121,
            0
        ],
        [
            248,
            122,
            0
        ],
        [
            250,
            123,
            0
        ],
        [
            252,
            124,
            0
        ],
        [
            254,
            125,
            0
        ],
        [
            256,
            126,
            0
        ],
        [
            258,
            127,
            0
        ],
        [
            260,
            128,
            0
        ],
        [
            262,
            129,
            0
        ],
        [
            264,
            130,
            0
        ],
        [
            266,
            131,
            0
        ],
        [
            268,
            132,
            0
        ],
        [
            270,
            133,
            0
        ],
        [
            272,
            134,
            0
        ],
        [
            274,
            135,
            0
        ],
        [
            276,
            136,
            0
        ],
        [
            278,
            137,
            0
        ],
        [
            280,
            138,
            0
        ],
        [
            282,
            139,
            0
        ],
        [
            284,
            140,
            0
        ],
        [
            286,
            141,
            0
        ],
        [
            288,
            142,
            0
        ],
        [
            290,
            143,
            0
        ],
        [
            292,
            144,
            0
        ],
        [
            294,
            145,
            0
        ],
        [
            296,
            146,
            0
        ],
        [
            298,
            147,
            0
        ],
        [
            300,
            148,
            0
        ],
        [
            302,
            149,
            0
        ],
        [
            304,
            150,
            0
        ],
        [
            306,
            151,
            0
        ],
        [
            308,
            152,
            0
        ],
        [
            310,
            153,
            0
        ],
        [
            312,
            154,
            0
        ],
        [
            314,
            155,
            0
        ],
        [
            316,
            156,
            0
        ],
        [
            318,
            157,
            0
        ],
        [
            320,
            158,
            0
        ],
        [
            322,
            159,
            0
        ],
        [
            324,
            160,
            0
        ],
        [
            326,
            161,
            0
        ],
        [
            328,
            162,
            0
        ],
        [
            330,
            163,
            0
        ],
        [
            332,
            164,
            0
        ],
        [
            334,
            165,
            0
        ],
        [
            336,
            166,
            0
        ],
        [
            338,
            167,
            0
        ],
        [
            340,
            168,
            0
        ],
        [
            342,
            169,
            0
        ]
    ],
    "t": [
        0.0,
        0.003477334976196289,
        0.004477500915527344,
        0.0054781436920166016,
        0.00647735595703125,
        0.007978200912475586,
        0.008477449417114258,
        0.00999140739440918,
        0.011492013931274414,
        0.012491941452026367,
        0.01349186897277832,
        0.014492034912109375,
        0.015491724014282227,
        0.01649188995361328,
        0.017491817474365234,
        0.01849198341369629,
        0.020008563995361328,
        0.02106332778930664,
        0.022063255310058594,
        0.023063182830810547,
        0.0240633487701416,
        0.025063037872314453,
        0.026062726974487305,
        0.02706313133239746,
        0.028063058853149414,
        0.028563261032104492,
        0.029569149017333984,
        0.031118392944335938,
        0.0321202278137207,
        0.03311944007873535,
        0.03412032127380371,
        0.035619497299194336,
        0.036620140075683594,
        0.03762006759643555,
        0.03811955451965332,
        0.039635658264160156,
        0.04063677787780762,
        0.04163694381713867,
        0.042636871337890625,
        0.04363703727722168,
        0.04463696479797363,
        0.04613637924194336,
        0.04713702201843262,
        0.04813694953918457,
        0.04914212226867676,
        0.05015134811401367,
        0.051038503646850586,
        0.05203747749328613,
        0.053038597106933594,
        0.05403852462768555,
        0.05453824996948242,
        0.05605459213256836,
        0.05655407905578613,
        0.05755448341369629,
        0.05855441093444824,
        0.05955982208251953,
        0.06056785583496094,
        0.0615687370300293,
        0.06256866455078125,
        0.0635685920715332,
        0.06456875801086426,
        0.06506872177124023,
        0.06606864929199219,
        0.06706857681274414,
        0.0680685043334961,
        0.06856918334960938,
        0.07008194923400879,
        0.07101583480834961,
        0.07201647758483887,
        0.07301664352416992,
        0.07401633262634277,
        0.07501649856567383,
        0.07601618766784668,
        0.07701659202575684,
        0.07801675796508789,
        0.07952189445495605,
        0.08053255081176758,
        0.08153223991394043,
        0.08253216743469238,
        0.08353209495544434,
        0.08453202247619629,
        0.08503341674804688,
        0.08603191375732422,
        0.08703231811523438,
        0.08803129196166992,
        0.08953714370727539,
        0.09054780006408691,
        0.09154868125915527,
        0.09254860877990723,
        0.09354853630065918,
        0.09454870223999023,
        0.09504866600036621,
        0.09604859352111816,
        0.09704852104187012,
        0.09804773330688477,
        0.09854865074157715,
        0.09955501556396484,
        0.10093808174133301,
        0.10143804550170898,
        0.10243797302246094,
        0.10343790054321289,
        0.10443782806396484,
        0.1054379940032959,
        0.10643815994262695,
        0.10743832588195801,
        0.10843777656555176,
        0.10995101928710938,
        0.11045050621032715,
        0.11176395416259766,
        0.11276412010192871,
        0.11376404762268066,
        0.11476397514343262,
        0.11576390266418457,
        0.11626386642456055,
        0.1172640323638916,
        0.11826395988464355,
        0.11926817893981934,
        0.12027692794799805,
        0.1212773323059082,
        0.12277722358703613,
        0.12377762794494629,
        0.12477731704711914,
        0.12627744674682617,
        0.12727737426757812,
        0.127777099609375,
        0.12928295135498047,
        0.1302931308746338,
        0.13129281997680664,
        0.1322944164276123,
        0.13329339027404785,
        0.1342933177947998,
        0.13479280471801758,
        0.13579344749450684,
        0.1367936134338379,
        0.13779354095458984,
        0.13829493522644043,
        0.13981175422668457,
        0.14131426811218262,
        0.14231419563293457,
        0.1438143253326416,
        0.14481401443481445,
        0.14631414413452148,
        0.14731407165527344,
        0.1478135585784912,
        0.1483139991760254,
        0.1498575210571289,
        0.15085721015930176,
        0.15185832977294922,
        0.15285849571228027,
        0.15385842323303223,
        0.1543583869934082,
        0.15587353706359863,
        0.15687322616577148,
        0.1583728790283203,
        0.1583728790283203,
        0.15988707542419434,
        0.16101884841918945,
        0.1620190143585205,
        0.16301894187927246,
        0.16401886940002441,
        0.16501903533935547,
        0.16601896286010742,
        0.16701889038085938,
        0.16751885414123535,
        0.1685190200805664,
        0.17003440856933594,
        0.1709897518157959,
        0.17198967933654785,
        0.1729896068572998,
        0.17348957061767578
    ],
    "alpha": [
        1,
        1,
        1,
        1,
        0.5,
        1,
        0.5,
        0.5,
        1,
        1,
        1,
        0.5,
        1,
        1,
        1,
        1,
        1,
        1,
        1,
        1,
        1,
        1,
        1,
        1,
        1,
        1,
        1,
        1,
        1,
        1,
        1,
        1,
        1,
        1,
        1,
        1,
        1,
        1,
        1,
        1,
        1,
        1,
        1,
        1,
        1,
        1,
        1,
        1,
        1,
        1,
        1,
        1,
        1,
        1,
        1,
        1,
        1,
        1,
        1,
        1,
        1,
        1,
        1,
        1,
        1,
        1,
        1,
        1,
        1,
        1,
        1,
        1,
        1,
        1,
        1,
        1,
        1,
        1,
        1,
        1,
        1,
        1,
        1,
        1,
        1,
        1,
        1,
        1,
        1,
        1,
        1,
        1,
        1,
        1,
        1,
        1,
        1,
        1,
        1,
        1,
        1,
        1,
        1,
        1,
        1,
        1,
        1,
        1,
        1,
        1,
        1,
        1,
        1,
        1,
        1,
        1,
        1,
        1,
        1,
        1,
        1,
        1,
        1,
        1,
        1,
        1,
        1,
        1,
        1,
        1,
        1,
        1,
        1,
        1,
        1,
        1,
        1,
        1,
        1,
        1,
        1,
        1,
        1,
        1,
        1,
        1,
        1,
        1,
        1,
        1,
        1,
        1,
        1,
        1,
        1,
        1,
        1,
        1,
        1,
        1,
        1,
        1,
        1,
        1,
        1,
        1,
        1,
        1,
        1,
        null
    ],
    "f": [
        0.6931471805599453,
        0.6255692305938794,
        0.5757839252041773,
        0.5285444912444996,
        0.48774038811930426,
        0.4598444415061664,
        0.4348757828673709,
        0.4132706745682308,
        0.3976679402310388,
        0.3820767197924774,
        0.3675949199611523,
        0.35489989875838757,
        0.3440329729398156,
        0.3346360224722956,
        0.3261894555431532,
        0.31865306805606997,
        0.3119359982378513,
        0.3059964335571279,
        0.30083415403513025,
        0.2962793350312647,
        0.2922954871538032,
        0.28875947438594796,
        0.28560782970380705,
        0.28278909012021414,
        0.28025743888736804,
        0.2779733584323132,
        0.2759025353511485,
        0.2740404639917525,
        0.2723803900165656,
        0.27088104859252593,
        0.2695642187917363,
        0.268353370707233,
        0.2672779821888008,
        0.26635015750699925,
        0.2654958960620305,
        0.2647038741446612,
        0.26396711499538467,
        0.26327920834561325,
        0.26263554225023733,
        0.26203409683347917,
        0.2614599794353788,
        0.2609182090973891,
        0.26040246523104454,
        0.25992121626112047,
        0.2595260628564469,
        0.25917825324704574,
        0.2589335155588062,
        0.2587077521707921,
        0.25848664831319496,
        0.25827039100850013,
        0.2580587685430156,
        0.25785176792993747,
        0.25765297704009454,
        0.25746412286881004,
        0.25727794749261795,
        0.25709660736181733,
        0.2569314010971283,
        0.25677657957696115,
        0.2566217342506522,
        0.25646659701376257,
        0.2563111505993589,
        0.25615556424531993,
        0.25600014804385723,
        0.25585342554402934,
        0.2557083603404909,
        0.25556234969006936,
        0.2554207871000566,
        0.255281956988531,
        0.25514579501349555,
        0.25501247821917306,
        0.25488211900914987,
        0.2547547941026483,
        0.2546305440104005,
        0.2545093820332178,
        0.2544029077791942,
        0.25433509414603617,
        0.25427018108488775,
        0.2541976018227846,
        0.25411866174298914,
        0.25405465258865606,
        0.2539966152585653,
        0.25395227386533914,
        0.25390300789638964,
        0.2538573172719699,
        0.2538017511247789,
        0.25373318245240634,
        0.2536617918285292,
        0.2535902311516935,
        0.2535151557596902,
        0.2534576451988541,
        0.2534189964561761,
        0.25340575800618587,
        0.2533806665411189,
        0.2533449608061691,
        0.253302427122401,
        0.253258618266755,
        0.25320766623752405,
        0.25315651931882777,
        0.25316111478503034,
        0.2531714687024216,
        0.25317398904990246,
        0.25317312483814636,
        0.2531664213486836,
        0.2531528098141736,
        0.25313566190485126,
        0.25310376932193607,
        0.2530703705547255,
        0.2530386062811897,
        0.25303377796756604,
        0.2530336723940966,
        0.25303424823785553,
        0.25302605943782197,
        0.25301345643207274,
        0.25300861616330744,
        0.2530078800626778,
        0.25300184037976686,
        0.2529968163969426,
        0.25299075603219456,
        0.2529839697210931,
        0.25297675220589216,
        0.2529694523003387,
        0.2529627824663187,
        0.2529561513235737,
        0.2529496552020473,
        0.252943322705444,
        0.2529371387051237,
        0.2529310729060409,
        0.2529254166073431,
        0.25293236379669654,
        0.25293322710711047,
        0.25292809565415386,
        0.2529209148630394,
        0.25292132423062036,
        0.2529213510190617,
        0.25292097167412136,
        0.25292016283586094,
        0.25291889852748217,
        0.2529171506610609,
        0.25291607926079585,
        0.25291524715225466,
        0.25291427376268677,
        0.2529131289252612,
        0.2529117903674202,
        0.2529102472500123,
        0.2529085019840408,
        0.25290657058733956,
        0.2529044818257485,
        0.2529023305927899,
        0.2529002596875537,
        0.25289811406479845,
        0.25289601622935287,
        0.25289399068113466,
        0.2528920469393216,
        0.25289021075810536,
        0.2528885028945755,
        0.2528869374693867,
        0.25288552343338294,
        0.25288426409274706,
        0.25288315743258005,
        0.2528821970711527,
        0.2528813733918699,
        0.2528806747666946,
        0.2528800887380324,
        0.25287960301755186,
        0.25287920621091436,
        0.2528788882245028,
        0.25287864035618257,
        0.25287845511470314,
        0.25287832583887493,
        0.2528783316940718
    ],
    "Dtype": [
        null,
        null,
        null,
        null,
        null,
        null,
        null,
        null,
        null,
        null,
        null,
        null,
        null,
        null,
        null,
        null,
        null,
        null,
        null,
        null,
        null,
        null,
        null,
        null,
        null,
        null,
        null,
        null,
        null,
        null,
        null,
        null,
        null,
        null,
        null,
        null,
        null,
        null,
        null,
        null,
        null,
        null,
        null,
        null,
        null,
        null,
        null,
        null,
        null,
        null,
        null,
        null,
        null,
        null,
        null,
        null,
        null,
        null,
        null,
        null,
        null,
        null,
        null,
        null,
        null,
        null,
        null,
        null,
        null,
        null,
        null,
        null,
        null,
        null,
        null,
        null,
        null,
        null,
        null,
        null,
        null,
        null,
        null,
        null,
        null,
        null,
        null,
        null,
        null,
        null,
        null,
        null,
        null,
        null,
        null,
        null,
        null,
        null,
        null,
        null,
        null,
        null,
        null,
        null,
        null,
        null,
        null,
        null,
        null,
        null,
        null,
        null,
        null,
        null,
        null,
        null,
        null,
        null,
        null,
        null,
        null,
        null,
        null,
        null,
        null,
        null,
        null,
        null,
        null,
        null,
        null,
        null,
        null,
        null,
        null,
        null,
        null,
        null,
        null,
        null,
        null,
        null,
        null,
        null,
        null,
        null,
        null,
        null,
        null,
        null,
        null,
        null,
        null,
        null,
        null,
        null,
        null,
        null,
        null,
        null,
        null,
        null,
        null,
        null,
        null,
        null,
        null,
        null,
        null,
        null
    ],
    "termination flag": "TOL",
    "Train accuracy": 91.93099610461881,
    "Sparsity": 51.5625
}