{
    "settings": {
        "max_iters": 10000000.0,
        "max_oracles": 100000.0,
        "ops_weighting": [
            1,
            1,
            4
        ],
        "oracle termination": true,
        "eg": 1e-08,
        "e_act": 0.0001,
        "acc": 0.5,
        "alpha0": 1,
        "rho": 0.2,
        "LS factor": 0.5
    },
    "name": "NewtonCGAlt",
    "ops": [
        [
            0,
            0,
            0
        ],
        [
            1,
            1,
            0
        ],
        [
            2,
            2,
            47
        ],
        [
            3,
            3,
            47
        ],
        [
            4,
            4,
            47
        ],
        [
            5,
            5,
            47
        ],
        [
            6,
            6,
            47
        ],
        [
            7,
            7,
            47
        ],
        [
            8,
            8,
            47
        ],
        [
            14,
            9,
            89
        ],
        [
            16,
            10,
            89
        ],
        [
            17,
            11,
            89
        ],
        [
            18,
            12,
            89
        ],
        [
            20,
            13,
            129
        ],
        [
            22,
            14,
            129
        ],
        [
            31,
            15,
            177
        ],
        [
            32,
            16,
            177
        ],
        [
            33,
            17,
            177
        ],
        [
            41,
            18,
            218
        ],
        [
            42,
            19,
            218
        ],
        [
            43,
            20,
            218
        ],
        [
            45,
            21,
            252
        ],
        [
            47,
            22,
            252
        ],
        [
            56,
            23,
            298
        ],
        [
            57,
            24,
            298
        ],
        [
            58,
            25,
            298
        ],
        [
            61,
            26,
            339
        ],
        [
            63,
            27,
            339
        ],
        [
            64,
            28,
            339
        ],
        [
            75,
            29,
            383
        ],
        [
            76,
            30,
            383
        ],
        [
            81,
            31,
            417
        ],
        [
            83,
            32,
            417
        ],
        [
            84,
            33,
            417
        ],
        [
            94,
            34,
            458
        ],
        [
            95,
            35,
            458
        ],
        [
            99,
            36,
            489
        ],
        [
            101,
            37,
            489
        ],
        [
            102,
            38,
            489
        ],
        [
            103,
            39,
            489
        ],
        [
            109,
            40,
            520
        ],
        [
            110,
            41,
            520
        ],
        [
            111,
            42,
            520
        ],
        [
            115,
            43,
            550
        ],
        [
            117,
            44,
            550
        ],
        [
            118,
            45,
            550
        ],
        [
            119,
            46,
            550
        ],
        [
            120,
            47,
            550
        ],
        [
            125,
            48,
            580
        ],
        [
            126,
            49,
            580
        ],
        [
            135,
            50,
            621
        ],
        [
            136,
            51,
            621
        ],
        [
            137,
            52,
            621
        ],
        [
            138,
            53,
            650
        ],
        [
            140,
            54,
            650
        ],
        [
            141,
            55,
            650
        ],
        [
            142,
            56,
            650
        ],
        [
            143,
            57,
            650
        ],
        [
            150,
            58,
            682
        ],
        [
            151,
            59,
            682
        ],
        [
            152,
            60,
            682
        ],
        [
            155,
            61,
            711
        ],
        [
            156,
            62,
            734
        ],
        [
            157,
            63,
            756
        ],
        [
            158,
            64,
            784
        ],
        [
            159,
            65,
            812
        ],
        [
            160,
            66,
            837
        ],
        [
            161,
            67,
            860
        ],
        [
            162,
            68,
            883
        ]
    ],
    "t": [
        0.0,
        0.002000093460083008,
        0.027373552322387695,
        0.027883052825927734,
        0.029312849044799805,
        0.030312299728393555,
        0.03131246566772461,
        0.032312631607055664,
        0.03331279754638672,
        0.055902719497680664,
        0.05640220642089844,
        0.05791807174682617,
        0.05891823768615723,
        0.07935047149658203,
        0.08085012435913086,
        0.10628867149353027,
        0.10729432106018066,
        0.1078038215637207,
        0.12896251678466797,
        0.1304624080657959,
        0.13146257400512695,
        0.14731431007385254,
        0.14832210540771484,
        0.1708517074584961,
        0.17185163497924805,
        0.1728515625,
        0.19078636169433594,
        0.19281983375549316,
        0.19381999969482422,
        0.21628141403198242,
        0.2172863483428955,
        0.23383688926696777,
        0.23483633995056152,
        0.23583674430847168,
        0.2573721408843994,
        0.25788116455078125,
        0.27339744567871094,
        0.2743971347808838,
        0.27489709854125977,
        0.2758970260620117,
        0.29187512397766113,
        0.29288554191589355,
        0.29338550567626953,
        0.30842065811157227,
        0.3094213008880615,
        0.3104219436645508,
        0.31142163276672363,
        0.3124213218688965,
        0.32744646072387695,
        0.32845616340637207,
        0.35039615631103516,
        0.3513960838317871,
        0.35239624977111816,
        0.36843299865722656,
        0.3694334030151367,
        0.3704335689544678,
        0.37093353271484375,
        0.3719334602355957,
        0.3889646530151367,
        0.3894646167755127,
        0.39046454429626465,
        0.404496431350708,
        0.41600990295410156,
        0.4273390769958496,
        0.44554662704467773,
        0.46231865882873535,
        0.4764218330383301,
        0.488239049911499,
        0.4997572898864746
    ],
    "alpha": [
        1,
        1,
        1,
        1,
        1,
        1,
        1,
        1,
        0.03125,
        0.5,
        1,
        1,
        0.5,
        0.5,
        0.00390625,
        1,
        1,
        0.0078125,
        1,
        1,
        0.5,
        0.5,
        0.00390625,
        1,
        1,
        0.25,
        0.5,
        1,
        0.0009765625,
        1,
        0.0625,
        0.5,
        1,
        0.001953125,
        1,
        0.125,
        0.5,
        1,
        1,
        0.03125,
        1,
        1,
        0.125,
        0.5,
        1,
        1,
        1,
        0.0625,
        1,
        0.00390625,
        1,
        1,
        1,
        0.5,
        1,
        1,
        1,
        0.015625,
        1,
        1,
        0.25,
        1,
        1,
        1,
        1,
        1,
        1,
        1,
        null
    ],
    "Dtype": [
        "GRAD",
        "SOL",
        "GRAD",
        "GRAD",
        "GRAD",
        "GRAD",
        "GRAD",
        "GRAD",
        "SOL",
        "GRAD",
        "GRAD",
        "GRAD",
        "SOL",
        "GRAD",
        "SOL",
        "GRAD",
        "GRAD",
        "SOL",
        "GRAD",
        "GRAD",
        "SOL",
        "GRAD",
        "SOL",
        "GRAD",
        "GRAD",
        "SOL",
        "GRAD",
        "GRAD",
        "SOL",
        "GRAD",
        "SOL",
        "GRAD",
        "GRAD",
        "SOL",
        "GRAD",
        "SOL",
        "GRAD",
        "GRAD",
        "GRAD",
        "SOL",
        "GRAD",
        "GRAD",
        "SOL",
        "GRAD",
        "GRAD",
        "GRAD",
        "GRAD",
        "SOL",
        "GRAD",
        "SOL",
        "GRAD",
        "GRAD",
        "SOL",
        "GRAD",
        "GRAD",
        "GRAD",
        "GRAD",
        "SOL",
        "GRAD",
        "GRAD",
        "SOL",
        "SOL",
        "SOL",
        "SOL",
        "SOL",
        "SOL",
        "SOL",
        "SOL",
        null
    ],
    "f": [
        0.6931471805599453,
        0.6255692305938794,
        0.3210105800679628,
        0.3178855271476909,
        0.3152344165155111,
        0.31279643534175244,
        0.3105681781605308,
        0.30851683170827604,
        0.3066274058215007,
        0.3045692129833081,
        0.30173024302067214,
        0.3002404546066214,
        0.2990085699700198,
        0.2844505969788518,
        0.27349054357581526,
        0.2732951952573967,
        0.27278213547846186,
        0.27236280373099464,
        0.27221732046427505,
        0.2717456314062087,
        0.2713839894858916,
        0.2693931656905411,
        0.26137683206963847,
        0.26056946288262345,
        0.2604007392001191,
        0.26025543640846166,
        0.2585047370083734,
        0.2575833059954509,
        0.25733123322077334,
        0.2572607150651016,
        0.2571778941258448,
        0.2570477023778347,
        0.2567379768072739,
        0.25661563573381246,
        0.25661021607437495,
        0.2565475336492437,
        0.25609743385153855,
        0.2558765006942434,
        0.25576719186390234,
        0.2557267009941494,
        0.25564381426510113,
        0.2555300638352791,
        0.25549796158694926,
        0.2552817000384972,
        0.25509105989603886,
        0.25499310727370206,
        0.2549602269905865,
        0.2549349589652311,
        0.25481028449762616,
        0.25468235099883524,
        0.25468097520678845,
        0.25463926149314764,
        0.25462326050763356,
        0.2536437879232661,
        0.2531682912163925,
        0.2530050379597287,
        0.25294999625959447,
        0.2529261414284141,
        0.25290845996243505,
        0.25290048866096404,
        0.2528996891861401,
        0.25288910763036476,
        0.2528303564444544,
        0.2528252680153913,
        0.2528252198472196,
        0.25282521776818856,
        0.25282521766841637,
        0.2528252176629921,
        0.25282521766264815
    ],
    "inactive_grad_norm": [
        0.0,
        0.23125944998377274,
        0.053085874066675844,
        0.053970244485467694,
        0.05338165232356802,
        0.04980933164273804,
        0.04731460588580446,
        0.04463184557427183,
        0.04256617017634799,
        0.08992693535643698,
        0.04033955466351526,
        0.03593093435878543,
        0.03430555826575306,
        0.13473711579937275,
        0.04093773444199187,
        0.02995676196293897,
        0.02544158125835402,
        0.020372438531544624,
        0.028026631799752663,
        0.02318911998917784,
        0.018285932946026137,
        0.12101132056830939,
        0.04293924447055903,
        0.013587948105891905,
        0.012387660604112519,
        0.01138849053394764,
        0.04509007052310063,
        0.020399352783110555,
        0.01243917910826426,
        0.010914315670492286,
        0.007760142529860103,
        0.026289550279696358,
        0.013737148010481195,
        0.008499200103368784,
        0.009928928590797236,
        0.006502546122681241,
        0.022897016058321732,
        0.012755679356945361,
        0.007347017443328949,
        0.006035295868192528,
        0.013365449100355255,
        0.005928882245694844,
        0.005219745726584268,
        0.02115562962195937,
        0.012164322679664137,
        0.006702801181379278,
        0.005153744907769799,
        0.004832046228882236,
        0.014409062421799197,
        0.00620291121351376,
        0.00894086242749922,
        0.004084205581980546,
        0.003924596666695793,
        0.03249096992259981,
        0.016581132964668933,
        0.009420789921637968,
        0.005935681788780422,
        0.0036134486107557333,
        0.003436720969095689,
        0.001000354158535105,
        0.0006825482655974873,
        0.004697432164370903,
        0.0019745843434276975,
        9.318077528615287e-06,
        1.8066559500613556e-06,
        3.83687732385385e-07,
        8.602027301409946e-08,
        2.0655139196145583e-08,
        5.371601214271025e-09
    ],
    "active_min_grad": [
        0.1266372774067891,
        0.0,
        0.014440912743286948,
        0.00825861452506096,
        0.0020362644939566055,
        0.0032964225396763733,
        0.001010909805146508,
        0.0018346721231493205,
        0.0,
        0.018984559645173895,
        0.0015139455260664075,
        5.1265273174564774e-05,
        6.375383875904111e-05,
        0.05075019071064824,
        0.0,
        0.005568151094713128,
        0.00028670341707323676,
        0.0,
        0.005916723600388383,
        0.002074659687027499,
        0.0,
        0.041099460597111906,
        -0.0,
        0.0014764958815699646,
        0.00013136235005244135,
        -0.0,
        0.009920688966313746,
        0.0,
        -0.0,
        0.0010834189275494292,
        0.0,
        0.008139362302635697,
        -0.0,
        -0.0,
        0.0003267394530146175,
        -0.0,
        0.0039821058596870035,
        0.0,
        0.0,
        2.544162676039333e-05,
        0.003901528484899773,
        -0.0,
        -0.0,
        0.0038686530054604542,
        0.0,
        0.0,
        0.0,
        2.8217576567665442e-05,
        0.0043938911970790445,
        0.0,
        0.00014713403715883346,
        0.0,
        -0.0,
        0.00629428255855945,
        0.0,
        0.0,
        0.0,
        0.0,
        0.0009385804597243762,
        0.0,
        0.0,
        0.0,
        0.0,
        -0.0,
        -0.0,
        -0.0,
        -0.0,
        -0.0,
        -0.0
    ],
    "active_gx_norm": [
        0.0,
        0.0,
        0.0,
        0.0,
        0.0,
        0.0,
        0.0,
        0.0,
        0.0,
        0.0,
        1.2273152028458996e-07,
        7.301176799362952e-08,
        0.0,
        0.0,
        0.0,
        3.794490529449482e-08,
        0.0,
        0.0,
        0.0,
        0.0,
        0.0,
        0.0,
        0.0,
        0.0,
        1.097465156458512e-08,
        0.0,
        0.0,
        2.1186547660402824e-08,
        2.4374447897373896e-10,
        2.0962525066678293e-08,
        0.0,
        0.0,
        1.6699562305474403e-07,
        0.0,
        1.1521730935373794e-07,
        0.0,
        0.0,
        8.214617984667243e-08,
        1.8402119102678123e-07,
        0.0,
        0.0,
        2.7826609560788313e-07,
        0.0,
        0.0,
        1.790624501314965e-08,
        1.99858039529022e-08,
        1.5538242827646584e-07,
        0.0,
        0.0,
        0.0,
        0.0,
        5.9039399997235574e-08,
        0.0,
        0.0,
        2.875832815411078e-08,
        2.1863085520906073e-07,
        1.4328079241152826e-08,
        0.0,
        0.0,
        1.4526776691178876e-08,
        0.0,
        0.0,
        0.0,
        0.0,
        0.0,
        0.0,
        0.0,
        0.0,
        0.0
    ],
    "num_active_constraints": [
        130,
        80,
        104,
        85,
        74,
        79,
        77,
        80,
        80,
        91,
        76,
        82,
        83,
        98,
        67,
        85,
        77,
        82,
        90,
        80,
        86,
        97,
        68,
        87,
        81,
        82,
        97,
        72,
        77,
        87,
        88,
        96,
        82,
        85,
        88,
        90,
        96,
        82,
        89,
        92,
        97,
        88,
        92,
        97,
        85,
        90,
        93,
        94,
        97,
        86,
        90,
        94,
        95,
        96,
        73,
        79,
        89,
        92,
        97,
        95,
        95,
        96,
        98,
        98,
        98,
        98,
        98,
        98,
        98
    ],
    "termination flag": "TOL",
    "Train accuracy": 91.81969949916528,
    "Sparsity": 51.5625
}