{
    "settings": {
        "max_iters": 10000000.0,
        "max_oracles": 100000.0,
        "ops_weighting": [
            1,
            1,
            4
        ],
        "oracle termination": true,
        "eg": 1e-08,
        "e_act": 0.0001,
        "theta": 10.0,
        "alpha0": 1,
        "rho": 0.0001,
        "LS factor": 0.5,
        "bertsekas_active_set": false,
        "active_grad_scaling": false,
        "forward_tracking_enabled": true
    },
    "name": "NewtonMRTMP",
    "ops": [
        [
            0,
            0,
            0
        ],
        [
            1,
            1,
            0
        ],
        [
            2,
            2,
            9
        ],
        [
            3,
            3,
            15
        ],
        [
            9,
            4,
            21
        ],
        [
            13,
            5,
            29
        ],
        [
            14,
            6,
            33
        ],
        [
            21,
            7,
            42
        ],
        [
            26,
            8,
            51
        ],
        [
            27,
            9,
            56
        ],
        [
            36,
            10,
            67
        ],
        [
            45,
            11,
            74
        ],
        [
            53,
            12,
            81
        ],
        [
            54,
            13,
            86
        ],
        [
            62,
            14,
            90
        ],
        [
            63,
            15,
            93
        ],
        [
            71,
            16,
            105
        ],
        [
            79,
            17,
            112
        ],
        [
            87,
            18,
            117
        ],
        [
            88,
            19,
            120
        ],
        [
            96,
            20,
            129
        ],
        [
            99,
            21,
            134
        ],
        [
            100,
            22,
            136
        ],
        [
            109,
            23,
            145
        ],
        [
            110,
            24,
            151
        ],
        [
            111,
            25,
            154
        ],
        [
            112,
            26,
            162
        ],
        [
            113,
            27,
            174
        ],
        [
            114,
            28,
            186
        ],
        [
            115,
            29,
            189
        ],
        [
            116,
            30,
            199
        ],
        [
            117,
            31,
            212
        ],
        [
            118,
            32,
            221
        ]
    ],
    "t": [
        0.0,
        0.02244257926940918,
        0.031877756118774414,
        0.03660750389099121,
        0.04162001609802246,
        0.0471951961517334,
        0.050206661224365234,
        0.05711030960083008,
        0.06362605094909668,
        0.06712651252746582,
        0.07557511329650879,
        0.08158707618713379,
        0.08717203140258789,
        0.09019780158996582,
        0.09526324272155762,
        0.09775853157043457,
        0.10643506050109863,
        0.11202597618103027,
        0.11773300170898438,
        0.11973333358764648,
        0.1265857219696045,
        0.13008570671081543,
        0.13209772109985352,
        0.13942456245422363,
        0.14260530471801758,
        0.14510536193847656,
        0.14961791038513184,
        0.15561175346374512,
        0.16257762908935547,
        0.16507744789123535,
        0.17007732391357422,
        0.17689156532287598,
        0.18140387535095215
    ],
    "alpha": [
        1,
        1,
        1,
        0.03125,
        0.125,
        1,
        0.015625,
        0.0625,
        1,
        0.00390625,
        0.00390625,
        0.0078125,
        1,
        0.0078125,
        1,
        0.0078125,
        0.0078125,
        0.0078125,
        1,
        0.0078125,
        0.25,
        1,
        0.00390625,
        1,
        1,
        1,
        1,
        1,
        1,
        1,
        1,
        1,
        null
    ],
    "Dtype": [
        "SOL",
        "SOL",
        "SOL",
        "SOL",
        "SOL",
        "SOL",
        "SOL",
        "SOL",
        "SOL",
        "SOL",
        "SOL",
        "SOL",
        "SOL",
        "SOL",
        "SOL",
        "SOL",
        "SOL",
        "SOL",
        "SOL",
        "SOL",
        "SOL",
        "SOL",
        "SOL",
        "SOL",
        "SOL",
        "SOL",
        "SOL",
        "SOL",
        "SOL",
        "SOL",
        "SOL",
        "SOL",
        null
    ],
    "f": [
        0.6931471805599453,
        0.6255692305938794,
        0.3200565659132782,
        0.27341084675991423,
        0.2732912069805805,
        0.2711921948841615,
        0.26012865370784566,
        0.2596768986562066,
        0.2595661764168429,
        0.2548649562096867,
        0.2548562818539013,
        0.2548387907530009,
        0.25483564673997794,
        0.25437691826612874,
        0.2543711967080588,
        0.25370749869633846,
        0.25340069004811955,
        0.2534003620246563,
        0.25339520675633403,
        0.2532492215146474,
        0.25324216227822716,
        0.25322899157515116,
        0.2531286471792199,
        0.2531235160391099,
        0.2528543722521365,
        0.2528479369118618,
        0.25282792734183107,
        0.25282527344871053,
        0.2528252199343568,
        0.25282521895431187,
        0.25282521774067584,
        0.25282521766277444,
        0.2528252176626287
    ],
    "inactive_grad_norm": [
        0.0,
        0.23125944998377274,
        0.07222172828155075,
        0.09329424811904517,
        0.11218603216539422,
        0.0827983286058561,
        0.014547808791145549,
        0.012178857273944117,
        0.032713180990465426,
        0.021458577873144057,
        0.021164450397779484,
        0.019376813998051943,
        0.01859580624497126,
        0.052583133408424236,
        0.04388056287828849,
        0.016817286946236826,
        0.014288585821606109,
        0.013511544021512587,
        0.012619467620445034,
        0.004546182658241171,
        0.004066641327933329,
        0.012398997065586038,
        0.005352909860169087,
        0.002986842874671971,
        0.0024307398759598905,
        0.0006163860835359321,
        6.3724612684294e-05,
        9.045295727867933e-06,
        2.9392168462104512e-05,
        1.7525217036128095e-06,
        3.3017848175141124e-07,
        2.187761496563676e-08,
        3.323232801631811e-09
    ],
    "active_min_grad": [
        0.1266372774067891,
        0.0,
        0.016628356957350092,
        0.02388542469968994,
        0.003973544078827804,
        0.016363162379650686,
        0.0034311004172528597,
        0.0019562596216539437,
        0.007797256216136174,
        0.0012795350846439494,
        0.003171704359539513,
        0.003292859459827329,
        0.003566449971026163,
        0.007866048487984553,
        0.00791207638632555,
        0.0,
        0.003280317585380281,
        0.0037404120455313637,
        0.003771205896051795,
        0.0,
        0.0,
        0.0013731037215737908,
        -0.0,
        0.0006431164089429108,
        0.0,
        0.0,
        0.0,
        2.592526693466664e-06,
        0.0,
        0.0,
        1.2928611340355667e-08,
        -0.0,
        0.0
    ],
    "active_gx_norm": [
        0.0,
        0.0,
        0.0,
        0.0,
        5.561539869812214e-07,
        1.4949851793651576e-06,
        0.0,
        1.0614546929132665e-07,
        7.335648097573812e-07,
        0.0,
        2.2683061030337708e-08,
        8.351495424096094e-08,
        2.27259459070629e-07,
        0.0,
        1.034165777781886e-06,
        0.0,
        0.0,
        1.0116082296398957e-07,
        2.195272732194617e-07,
        0.0,
        0.0,
        0.0,
        0.0,
        0.0,
        0.0,
        0.0,
        0.0,
        0.0,
        0.0,
        0.0,
        0.0,
        0.0,
        0.0
    ],
    "num_active_constraints": [
        130,
        80,
        102,
        83,
        67,
        93,
        76,
        88,
        94,
        73,
        87,
        90,
        93,
        84,
        91,
        71,
        91,
        94,
        96,
        88,
        94,
        96,
        90,
        96,
        96,
        97,
        97,
        97,
        98,
        98,
        98,
        98,
        98
    ],
    "termination flag": "TOL",
    "Train accuracy": 91.81969949916528,
    "Sparsity": 51.5625
}